date,country,spread_bp
2007-10-01,ARG,311.642
2007-11-01,ARG,400.676
2007-12-01,ARG,409.71999999999997
2008-01-01,ARG,465.96999999999997
2008-02-01,ARG,503.018
2008-03-01,ARG,581.182
2008-04-01,ARG,562.853
2008-05-01,ARG,534.6669999999999
2008-06-01,ARG,614.025
2008-07-01,ARG,612.342
2008-08-01,ARG,670.55
2008-09-01,ARG,952.906
2008-10-01,ARG,1786.9569999999999
2008-11-01,ARG,1721.8039999999999
2008-12-01,ARG,1703.881
2009-01-01,ARG,1494.679
2009-02-01,ARG,1727.1540000000002
2009-03-01,ARG,1893.846
2009-04-01,ARG,1765.887
2009-05-01,ARG,1291.018
2009-06-01,ARG,1062.144
2009-07-01,ARG,961.8919999999999
2009-08-01,ARG,957.2710000000001
2009-09-01,ARG,783.524
2009-10-01,ARG,721.149
2009-11-01,ARG,765.8330000000001
2009-12-01,ARG,659.707
2010-01-01,ARG,753.366
2010-02-01,ARG,806.007
2010-03-01,ARG,645.826
2010-04-01,ARG,659.3860000000001
2010-05-01,ARG,807.026
2010-06-01,ARG,844.898
2010-07-01,ARG,721.135
2010-08-01,ARG,777.8489999999999
2010-09-01,ARG,688.534
2010-10-01,ARG,542.704
2010-11-01,ARG,597.008
2010-12-01,ARG,507.037
2011-01-01,ARG,552.49
2011-02-01,ARG,580.162
2011-03-01,ARG,539.407
2011-04-01,ARG,554.738
2011-05-01,ARG,591.742
2011-06-01,ARG,567.8779999999999
2011-07-01,ARG,592.067
2011-08-01,ARG,738.45
2011-09-01,ARG,993.0749999999999
2011-10-01,ARG,834.95
2011-11-01,ARG,941.0729999999999
2011-12-01,ARG,925.188
2012-01-01,ARG,839.729
2012-02-01,ARG,843.4189999999999
2012-03-01,ARG,880.144
2012-04-01,ARG,962.128
2012-05-01,ARG,1236.235
2012-06-01,ARG,1088.095
2012-07-01,ARG,1086.9379999999999
2012-08-01,ARG,1051.365
2012-09-01,ARG,897.096
2012-10-01,ARG,1065.8609999999999
2012-11-01,ARG,1140.129
2012-12-01,ARG,990.628
2013-01-01,ARG,1101.696
2013-02-01,ARG,1286.805
2013-03-01,ARG,1307.327
2013-04-01,ARG,1210.234
2013-05-01,ARG,1167.336
2013-06-01,ARG,1198.725
2013-07-01,ARG,1111.536
2013-08-01,ARG,1169.982
2013-09-01,ARG,1034.507
2013-10-01,ARG,920.685
2013-11-01,ARG,775.912
2013-12-01,ARG,807.9399999999999
2014-01-01,ARG,1084.941
2014-02-01,ARG,907.3510000000001
2014-03-01,ARG,798.594
2014-04-01,ARG,786.0649999999999
2014-05-01,ARG,833.071
2014-06-01,ARG,723.735
2014-07-01,ARG,648.527
2014-08-01,ARG,807.648
2014-09-01,ARG,699.542
2014-10-01,ARG,703.0129999999999
2014-11-01,ARG,687.065
2014-12-01,ARG,719.096
2015-01-01,ARG,741.655
2015-02-01,ARG,618.391
2015-03-01,ARG,628.625
2015-04-01,ARG,603.3100000000001
2015-05-01,ARG,601.339
2015-06-01,ARG,631.4449999999999
2015-07-01,ARG,614.654
2015-08-01,ARG,584.289
2015-09-01,ARG,590.871
2015-10-01,ARG,488.81100000000004
2015-11-01,ARG,487.43
2015-12-01,ARG,438.061
2016-01-01,ARG,501.69800000000004
2016-02-01,ARG,464.767
2016-03-01,ARG,443.647
2016-04-01,ARG,544.117
2016-05-01,ARG,499.983
2016-06-01,ARG,495.09
2016-07-01,ARG,495.889
2016-08-01,ARG,455.094
2016-09-01,ARG,440.70799999999997
2016-10-01,ARG,451.734
2016-11-01,ARG,514.98
2016-12-01,ARG,454.955
2017-01-01,ARG,469.447
2017-02-01,ARG,458.421
2017-03-01,ARG,442.305
2017-04-01,ARG,404.91700000000003
2017-05-01,ARG,407.273
2017-06-01,ARG,431.652
2017-07-01,ARG,447.813
2017-08-01,ARG,402.034
2017-09-01,ARG,376.851
2017-10-01,ARG,361.407
2017-11-01,ARG,356.646
2017-12-01,ARG,350.953
2018-01-01,ARG,374.744
2018-02-01,ARG,405.11400000000003
2018-03-01,ARG,420.16700000000003
2018-04-01,ARG,430.569
2018-05-01,ARG,521.1610000000001
2018-06-01,ARG,608.418
2018-07-01,ARG,555.7669999999999
2018-08-01,ARG,771.35
2018-09-01,ARG,622.7
2018-10-01,ARG,652.1759999999999
2018-11-01,ARG,706.262
2018-12-01,ARG,817.2650000000001
2019-01-01,ARG,675.9879999999999
2019-02-01,ARG,696.918
2019-03-01,ARG,774.091
2019-04-01,ARG,950.359
2019-05-01,ARG,985.2330000000001
2019-06-01,ARG,834.935
2019-07-01,ARG,780.7280000000001
2019-08-01,ARG,2531.946
2019-09-01,ARG,2143.085
2019-10-01,ARG,2278.0550000000003
2019-11-01,ARG,2261.638
2019-12-01,ARG,1743.7830000000001
2020-01-01,ARG,2067.661
2020-02-01,ARG,2282.552
2020-03-01,ARG,3803.1730000000002
2020-04-01,ARG,3472.3820000000005
2020-05-01,ARG,2626.902
2020-06-01,ARG,2495.395
2020-07-01,ARG,2262.5319999999997
2020-08-01,ARG,2147.292
2020-09-01,ARG,1300.259
2020-10-01,ARG,1481.742
2020-11-01,ARG,1410.3300000000002
2020-12-01,ARG,1367.839
2021-01-01,ARG,1445.299
2021-02-01,ARG,1510.769
2021-03-01,ARG,1588.621
2021-04-01,ARG,1551.403
2021-05-01,ARG,1507.847
2021-06-01,ARG,1596.3129999999999
2021-07-01,ARG,1590.955
2021-08-01,ARG,1512.623
2021-09-01,ARG,1606.641
2021-10-01,ARG,1712.1390000000001
2021-11-01,ARG,1913.6109999999999
2021-12-01,ARG,1687.7949999999998
2022-01-01,ARG,1722.991
2022-02-01,ARG,1815.536
2022-03-01,ARG,1718.1290000000001
2022-04-01,ARG,1801.4009999999998
2022-05-01,ARG,1917.539
2022-06-01,ARG,2428.234
2022-07-01,ARG,2398.101
2022-08-01,ARG,2384.897
2022-09-01,ARG,2800.5389999999998
2022-10-01,ARG,2624.387
2022-11-01,ARG,2247.963
2022-12-01,ARG,2195.822
2023-01-01,ARG,1820.675
2023-02-01,ARG,1958.198
2023-03-01,ARG,2300.081
2023-04-01,ARG,2681.37
2023-05-01,ARG,2594.583
2023-06-01,ARG,2037.047
2023-07-01,ARG,1982.299
2023-08-01,ARG,2096.607
2023-09-01,ARG,2538.6510000000003
2023-10-01,ARG,2575.612
2023-11-01,ARG,1984.386
2023-12-01,ARG,1907.328
2024-01-01,ARG,1963.5840000000003
2024-02-01,ARG,1702.35
2024-03-01,ARG,1452.3580000000002
2024-04-01,ARG,1215.4489999999998
2024-05-01,ARG,1340.6779999999999
2024-06-01,ARG,1455.2479999999998
2024-07-01,ARG,1510.413
2024-08-01,ARG,1433.209
2024-09-01,ARG,1283.663
2024-10-01,ARG,983.968
2024-11-01,ARG,754.75
2024-12-01,ARG,634.9770000000001
2025-01-01,ARG,624.592
2025-02-01,ARG,784.116
2025-03-01,ARG,819.402
2025-04-01,ARG,722.254
2025-05-01,ARG,677.684
2025-06-01,ARG,700.9739999999999
2025-07-01,ARG,729.561
2025-08-01,ARG,828.532
2025-09-01,ARG,1221.8439999999998
2025-10-01,ARG,661.579
2025-11-01,ARG,645.384
2025-12-01,ARG,560.5450000000001
2026-01-01,ARG,491.694
2026-02-01,ARG,576.006
2026-03-01,ARG,616.481
2026-04-01,ARG,558.1279999999999
2007-10-01,BRA,165.654
2007-11-01,BRA,219.496
2007-12-01,BRA,220.105
2008-01-01,BRA,254.157
2008-02-01,BRA,264.642
2008-03-01,BRA,283.036
2008-04-01,BRA,216.943
2008-05-01,BRA,180.364
2008-06-01,BRA,227.22000000000003
2008-07-01,BRA,225.346
2008-08-01,BRA,239.507
2008-09-01,BRA,332.615
2008-10-01,BRA,450.706
2008-11-01,BRA,489.827
2008-12-01,BRA,429.054
2009-01-01,BRA,409.30999999999995
2009-02-01,BRA,420.031
2009-03-01,BRA,424.053
2009-04-01,BRA,353.13500000000005
2009-05-01,BRA,291.439
2009-06-01,BRA,281.786
2009-07-01,BRA,265.571
2009-08-01,BRA,270.145
2009-09-01,BRA,234.237
2009-10-01,BRA,237.72799999999998
2009-11-01,BRA,228.469
2009-12-01,BRA,188.531
2010-01-01,BRA,232.026
2010-02-01,BRA,212.205
2010-03-01,BRA,182.301
2010-04-01,BRA,196.087
2010-05-01,BRA,234.429
2010-06-01,BRA,247.328
2010-07-01,BRA,211.764
2010-08-01,BRA,228.719
2010-09-01,BRA,202.60699999999997
2010-10-01,BRA,173.157
2010-11-01,BRA,197.653
2010-12-01,BRA,189.065
2011-01-01,BRA,179.426
2011-02-01,BRA,178.129
2011-03-01,BRA,173.641
2011-04-01,BRA,172.11
2011-05-01,BRA,176.987
2011-06-01,BRA,149.539
2011-07-01,BRA,159.665
2011-08-01,BRA,196.501
2011-09-01,BRA,277.329
2011-10-01,BRA,222.912
2011-11-01,BRA,229.32100000000003
2011-12-01,BRA,225.29
2012-01-01,BRA,225.24
2012-02-01,BRA,197.451
2012-03-01,BRA,176.994
2012-04-01,BRA,188.27
2012-05-01,BRA,244.25599999999997
2012-06-01,BRA,207.568
2012-07-01,BRA,182.76399999999998
2012-08-01,BRA,179.294
2012-09-01,BRA,162.27
2012-10-01,BRA,153.90699999999998
2012-11-01,BRA,152.024
2012-12-01,BRA,140.40200000000002
2013-01-01,BRA,154.251
2013-02-01,BRA,177.772
2013-03-01,BRA,190.42
2013-04-01,BRA,172.653
2013-05-01,BRA,207.995
2013-06-01,BRA,242.50400000000002
2013-07-01,BRA,241.161
2013-08-01,BRA,257.19
2013-09-01,BRA,244.526
2013-10-01,BRA,228.872
2013-11-01,BRA,256.228
2013-12-01,BRA,230.10000000000002
2014-01-01,BRA,278.309
2014-02-01,BRA,251.015
2014-03-01,BRA,229.57399999999998
2014-04-01,BRA,216.61100000000002
2014-05-01,BRA,213.962
2014-06-01,BRA,211.034
2014-07-01,BRA,213.925
2014-08-01,BRA,207.725
2014-09-01,BRA,241.04800000000003
2014-10-01,BRA,235.949
2014-11-01,BRA,243.44
2014-12-01,BRA,270.49
2015-01-01,BRA,331.127
2015-02-01,BRA,328.075
2015-03-01,BRA,331.231
2015-04-01,BRA,296.996
2015-05-01,BRA,297.153
2015-06-01,BRA,308.647
2015-07-01,BRA,325.39
2015-08-01,BRA,363.214
2015-09-01,BRA,491.46000000000004
2015-10-01,BRA,439.357
2015-11-01,BRA,449.912
2015-12-01,BRA,547.526
2016-01-01,BRA,540.452
2016-02-01,BRA,530.36
2016-03-01,BRA,426.455
2016-04-01,BRA,400.62100000000004
2016-05-01,BRA,417.89500000000004
2016-06-01,BRA,366.466
2016-07-01,BRA,346.162
2016-08-01,BRA,315.37899999999996
2016-09-01,BRA,323.88
2016-10-01,BRA,315.801
2016-11-01,BRA,338.226
2016-12-01,BRA,330.325
2017-01-01,BRA,290.733
2017-02-01,BRA,279.73499999999996
2017-03-01,BRA,264.398
2017-04-01,BRA,258.752
2017-05-01,BRA,282.267
2017-06-01,BRA,283.731
2017-07-01,BRA,263.007
2017-08-01,BRA,264.97
2017-09-01,BRA,240.485
2017-10-01,BRA,236.608
2017-11-01,BRA,234.363
2017-12-01,BRA,231.91099999999997
2018-01-01,BRA,217.043
2018-02-01,BRA,225.89899999999997
2018-03-01,BRA,238.40699999999998
2018-04-01,BRA,241.899
2018-05-01,BRA,298.677
2018-06-01,BRA,325.96500000000003
2018-07-01,BRA,262.937
2018-08-01,BRA,337.297
2018-09-01,BRA,288.92199999999997
2018-10-01,BRA,255.815
2018-11-01,BRA,265.499
2018-12-01,BRA,273.20099999999996
2019-01-01,BRA,235.13899999999998
2019-02-01,BRA,229.995
2019-03-01,BRA,247.88800000000003
2019-04-01,BRA,244.958
2019-05-01,BRA,266.824
2019-06-01,BRA,231.787
2019-07-01,BRA,205.647
2019-08-01,BRA,241.132
2019-09-01,BRA,239.213
2019-10-01,BRA,232.56
2019-11-01,BRA,236.402
2019-12-01,BRA,211.95499999999998
2020-01-01,BRA,223.79600000000002
2020-02-01,BRA,250.85600000000002
2020-03-01,BRA,388.887
2020-04-01,BRA,419.558
2020-05-01,BRA,387.702
2020-06-01,BRA,373.316
2020-07-01,BRA,327.703
2020-08-01,BRA,314.113
2020-09-01,BRA,334.157
2020-10-01,BRA,308.703
2020-11-01,BRA,267.632
2020-12-01,BRA,250.047
2021-01-01,BRA,270.488
2021-02-01,BRA,275.49
2021-03-01,BRA,271.98199999999997
2021-04-01,BRA,260.094
2021-05-01,BRA,245.33100000000002
2021-06-01,BRA,256.268
2021-07-01,BRA,280.1
2021-08-01,BRA,282.437
2021-09-01,BRA,304.046
2021-10-01,BRA,337.54400000000004
2021-11-01,BRA,344.294
2021-12-01,BRA,305.634
2022-01-01,BRA,316.183
2022-02-01,BRA,320.946
2022-03-01,BRA,279.779
2022-04-01,BRA,290.839
2022-05-01,BRA,291.053
2022-06-01,BRA,357.04699999999997
2022-07-01,BRA,309.286
2022-08-01,BRA,294.509
2022-09-01,BRA,295.244
2022-10-01,BRA,269.368
2022-11-01,BRA,249.47400000000002
2022-12-01,BRA,257.934
2023-01-01,BRA,256.575
2023-02-01,BRA,243.757
2023-03-01,BRA,253.956
2023-04-01,BRA,257.64
2023-05-01,BRA,247.574
2023-06-01,BRA,229.861
2023-07-01,BRA,197.355
2023-08-01,BRA,211.26999999999998
2023-09-01,BRA,205.658
2023-10-01,BRA,200.31599999999997
2023-11-01,BRA,195.734
2023-12-01,BRA,199.53300000000002
2024-01-01,BRA,224.259
2024-02-01,BRA,201.92899999999997
2024-03-01,BRA,201.14499999999998
2024-04-01,BRA,201.93099999999998
2024-05-01,BRA,202.356
2024-06-01,BRA,220.022
2024-07-01,BRA,222.417
2024-08-01,BRA,213.88799999999998
2024-09-01,BRA,210.732
2024-10-01,BRA,200.871
2024-11-01,BRA,217.55200000000002
2024-12-01,BRA,245.53099999999998
2025-01-01,BRA,224.492
2025-02-01,BRA,234.73000000000002
2025-03-01,BRA,231.167
2025-04-01,BRA,229.994
2025-05-01,BRA,219.692
2025-06-01,BRA,213.64700000000002
2025-07-01,BRA,203.522
2025-08-01,BRA,192.569
2025-09-01,BRA,184.104
2025-10-01,BRA,187.342
2025-11-01,BRA,200.56199999999998
2025-12-01,BRA,196.377
2026-01-01,BRA,185.772
2026-02-01,BRA,199.364
2026-03-01,BRA,196.618
2026-04-01,BRA,180.31900000000002
2007-10-01,CHL,111.809
2007-11-01,CHL,143.184
2007-12-01,CHL,150.709
2008-01-01,CHL,171.41299999999998
2008-02-01,CHL,165.79299999999998
2008-03-01,CHL,175.694
2008-04-01,CHL,162.507
2008-05-01,CHL,159.153
2008-06-01,CHL,176.71099999999998
2008-07-01,CHL,176.11
2008-08-01,CHL,168.864
2008-09-01,CHL,223.17900000000003
2008-10-01,CHL,365.57
2008-11-01,CHL,337.12
2008-12-01,CHL,343.18399999999997
2009-01-01,CHL,391.993
2009-02-01,CHL,347.817
2009-03-01,CHL,286.485
2009-04-01,CHL,298.30899999999997
2009-05-01,CHL,192.50300000000001
2009-06-01,CHL,161.20499999999998
2009-07-01,CHL,146.543
2009-08-01,CHL,145.948
2009-09-01,CHL,138.84
2009-10-01,CHL,138.963
2009-11-01,CHL,129.158
2009-12-01,CHL,95.368
2010-01-01,CHL,119.42600000000002
2010-02-01,CHL,137.10899999999998
2010-03-01,CHL,114.85300000000001
2010-04-01,CHL,112.46199999999999
2010-05-01,CHL,161.838
2010-06-01,CHL,146.43900000000002
2010-07-01,CHL,132.827
2010-08-01,CHL,137.656
2010-09-01,CHL,136.48499999999999
2010-10-01,CHL,129.702
2010-11-01,CHL,127.757
2010-12-01,CHL,114.527
2011-01-01,CHL,125.20100000000001
2011-02-01,CHL,115.24300000000001
2011-03-01,CHL,117.225
2011-04-01,CHL,124.39800000000001
2011-05-01,CHL,130.779
2011-06-01,CHL,131.315
2011-07-01,CHL,121.05300000000001
2011-08-01,CHL,150.783
2011-09-01,CHL,181.031
2011-10-01,CHL,152.721
2011-11-01,CHL,158.90800000000002
2011-12-01,CHL,171.723
2012-01-01,CHL,162.17
2012-02-01,CHL,160.429
2012-03-01,CHL,147.726
2012-04-01,CHL,155.911
2012-05-01,CHL,190.774
2012-06-01,CHL,167.254
2012-07-01,CHL,154.328
2012-08-01,CHL,146.04299999999998
2012-09-01,CHL,143.008
2012-10-01,CHL,126.06299999999999
2012-11-01,CHL,129.673
2012-12-01,CHL,116.201
2013-01-01,CHL,124.20800000000001
2013-02-01,CHL,140.237
2013-03-01,CHL,152.756
2013-04-01,CHL,140.805
2013-05-01,CHL,152.749
2013-06-01,CHL,179.813
2013-07-01,CHL,160.12599999999998
2013-08-01,CHL,182.092
2013-09-01,CHL,170.88
2013-10-01,CHL,160.963
2013-11-01,CHL,171.01999999999998
2013-12-01,CHL,147.70000000000002
2014-01-01,CHL,172.103
2014-02-01,CHL,151.084
2014-03-01,CHL,142.856
2014-04-01,CHL,136.511
2014-05-01,CHL,129.006
2014-06-01,CHL,123.267
2014-07-01,CHL,124.96499999999999
2014-08-01,CHL,124.145
2014-09-01,CHL,137.019
2014-10-01,CHL,146.23
2014-11-01,CHL,157.27
2014-12-01,CHL,168.644
2015-01-01,CHL,200.293
2015-02-01,CHL,143.77
2015-03-01,CHL,157.53
2015-04-01,CHL,146.622
2015-05-01,CHL,150.26
2015-06-01,CHL,158.213
2015-07-01,CHL,179.10999999999999
2015-08-01,CHL,205.072
2015-09-01,CHL,243.764
2015-10-01,CHL,209.567
2015-11-01,CHL,234.50600000000003
2015-12-01,CHL,252.922
2016-01-01,CHL,274.16499999999996
2016-02-01,CHL,250.36599999999999
2016-03-01,CHL,213.086
2016-04-01,CHL,183.34
2016-05-01,CHL,203.105
2016-06-01,CHL,202.26999999999998
2016-07-01,CHL,173.603
2016-08-01,CHL,173.644
2016-09-01,CHL,180.07899999999998
2016-10-01,CHL,176.922
2016-11-01,CHL,173.792
2016-12-01,CHL,157.81199999999998
2017-01-01,CHL,143.72
2017-02-01,CHL,129.68900000000002
2017-03-01,CHL,132.59199999999998
2017-04-01,CHL,136.344
2017-05-01,CHL,133.86
2017-06-01,CHL,131.847
2017-07-01,CHL,122.93
2017-08-01,CHL,129.966
2017-09-01,CHL,127.78
2017-10-01,CHL,117.53800000000001
2017-11-01,CHL,122.66300000000001
2017-12-01,CHL,117.25699999999999
2018-01-01,CHL,106.38499999999999
2018-02-01,CHL,120.055
2018-03-01,CHL,128.14700000000002
2018-04-01,CHL,130.02499999999998
2018-05-01,CHL,145.444
2018-06-01,CHL,144.362
2018-07-01,CHL,132.974
2018-08-01,CHL,140.79500000000002
2018-09-01,CHL,124.115
2018-10-01,CHL,139.955
2018-11-01,CHL,156.921
2018-12-01,CHL,165.725
2019-01-01,CHL,144.744
2019-02-01,CHL,128.856
2019-03-01,CHL,133.46
2019-04-01,CHL,127.048
2019-05-01,CHL,145.333
2019-06-01,CHL,135.389
2019-07-01,CHL,125.1
2019-08-01,CHL,133.448
2019-09-01,CHL,138.754
2019-10-01,CHL,141.219
2019-11-01,CHL,148.869
2019-12-01,CHL,135.21
2020-01-01,CHL,149.254
2020-02-01,CHL,179.585
2020-03-01,CHL,301.24399999999997
2020-04-01,CHL,284.295
2020-05-01,CHL,225.666
2020-06-01,CHL,211.00599999999997
2020-07-01,CHL,185.08599999999998
2020-08-01,CHL,174.816
2020-09-01,CHL,182.573
2020-10-01,CHL,174.095
2020-11-01,CHL,157.126
2020-12-01,CHL,144.483
2021-01-01,CHL,137.76
2021-02-01,CHL,141.635
2021-03-01,CHL,121.7
2021-04-01,CHL,126.44200000000001
2021-05-01,CHL,135.231
2021-06-01,CHL,134.52100000000002
2021-07-01,CHL,145.232
2021-08-01,CHL,135.7
2021-09-01,CHL,150.181
2021-10-01,CHL,160.91
2021-11-01,CHL,165.948
2021-12-01,CHL,153.264
2022-01-01,CHL,167.487
2022-02-01,CHL,195.354
2022-03-01,CHL,158.46800000000002
2022-04-01,CHL,181.9
2022-05-01,CHL,166.394
2022-06-01,CHL,195.513
2022-07-01,CHL,189.476
2022-08-01,CHL,198.38400000000001
2022-09-01,CHL,208.28099999999998
2022-10-01,CHL,193.21699999999998
2022-11-01,CHL,156.68599999999998
2022-12-01,CHL,139.581
2023-01-01,CHL,145.756
2023-02-01,CHL,144.56
2023-03-01,CHL,153.192
2023-04-01,CHL,142.591
2023-05-01,CHL,144.566
2023-06-01,CHL,132.34699999999998
2023-07-01,CHL,118.919
2023-08-01,CHL,130.98000000000002
2023-09-01,CHL,134.603
2023-10-01,CHL,146.855
2023-11-01,CHL,134.177
2023-12-01,CHL,132.296
2024-01-01,CHL,142.805
2024-02-01,CHL,134.419
2024-03-01,CHL,126.73700000000001
2024-04-01,CHL,121.438
2024-05-01,CHL,118.115
2024-06-01,CHL,120.489
2024-07-01,CHL,131.18099999999998
2024-08-01,CHL,122.08399999999999
2024-09-01,CHL,118.15
2024-10-01,CHL,116.144
2024-11-01,CHL,123.638
2024-12-01,CHL,117.114
2025-01-01,CHL,124.494
2025-02-01,CHL,130.684
2025-03-01,CHL,132.19799999999998
2025-04-01,CHL,133.384
2025-05-01,CHL,122.18199999999999
2025-06-01,CHL,118.22
2025-07-01,CHL,106.63499999999999
2025-08-01,CHL,103.63199999999999
2025-09-01,CHL,96.433
2025-10-01,CHL,92.277
2025-11-01,CHL,99.627
2025-12-01,CHL,89.294
2026-01-01,CHL,88.054
2026-02-01,CHL,95.122
2026-03-01,CHL,102.23
2026-04-01,CHL,86.60900000000001
2007-10-01,COL,147.85299999999998
2007-11-01,COL,200.399
2007-12-01,COL,195.297
2008-01-01,COL,256.335
2008-02-01,COL,257.683
2008-03-01,COL,258.014
2008-04-01,COL,202.07500000000002
2008-05-01,COL,155.526
2008-06-01,COL,221.383
2008-07-01,COL,208.85500000000002
2008-08-01,COL,223.494
2008-09-01,COL,317.592
2008-10-01,COL,530.901
2008-11-01,COL,575.429
2008-12-01,COL,497.558
2009-01-01,COL,471.83099999999996
2009-02-01,COL,459.51300000000003
2009-03-01,COL,485.71
2009-04-01,COL,353.074
2009-05-01,COL,311.171
2009-06-01,COL,300.933
2009-07-01,COL,284.35
2009-08-01,COL,287.507
2009-09-01,COL,223.40200000000002
2009-10-01,COL,236.60399999999998
2009-11-01,COL,223.42
2009-12-01,COL,198.213
2010-01-01,COL,240.70299999999997
2010-02-01,COL,210.997
2010-03-01,COL,172.6
2010-04-01,COL,192.19299999999998
2010-05-01,COL,241.365
2010-06-01,COL,229.311
2010-07-01,COL,182.56699999999998
2010-08-01,COL,197.21699999999998
2010-09-01,COL,168.662
2010-10-01,COL,138.02700000000002
2010-11-01,COL,180.495
2010-12-01,COL,171.958
2011-01-01,COL,149.949
2011-02-01,COL,160.097
2011-03-01,COL,153.389
2011-04-01,COL,147.296
2011-05-01,COL,144.108
2011-06-01,COL,121.407
2011-07-01,COL,131.905
2011-08-01,COL,164.755
2011-09-01,COL,240.477
2011-10-01,COL,188.21099999999998
2011-11-01,COL,199.12099999999998
2011-12-01,COL,190.96200000000002
2012-01-01,COL,200.22500000000002
2012-02-01,COL,170.974
2012-03-01,COL,141.093
2012-04-01,COL,151.947
2012-05-01,COL,207.49300000000002
2012-06-01,COL,158.20499999999998
2012-07-01,COL,139.548
2012-08-01,COL,136.994
2012-09-01,COL,131.597
2012-10-01,COL,122.042
2012-11-01,COL,124.04299999999999
2012-12-01,COL,112.01
2013-01-01,COL,131.87
2013-02-01,COL,141.333
2013-03-01,COL,146.751
2013-04-01,COL,130.572
2013-05-01,COL,166.788
2013-06-01,COL,192.70000000000002
2013-07-01,COL,180.642
2013-08-01,COL,197.669
2013-09-01,COL,186.619
2013-10-01,COL,169.687
2013-11-01,COL,190.162
2013-12-01,COL,163.196
2014-01-01,COL,208.09799999999998
2014-02-01,COL,183.948
2014-03-01,COL,168.493
2014-04-01,COL,156.588
2014-05-01,COL,147.148
2014-06-01,COL,143.506
2014-07-01,COL,145.215
2014-08-01,COL,146.315
2014-09-01,COL,168.995
2014-10-01,COL,171.55599999999998
2014-11-01,COL,175.376
2014-12-01,COL,196.144
2015-01-01,COL,228.98100000000002
2015-02-01,COL,198.786
2015-03-01,COL,221.70800000000003
2015-04-01,COL,212.798
2015-05-01,COL,220.282
2015-06-01,COL,232.98700000000002
2015-07-01,COL,249.62900000000002
2015-08-01,COL,277.29200000000003
2015-09-01,COL,317.882
2015-10-01,COL,282.685
2015-11-01,COL,285.803
2015-12-01,COL,317.181
2016-01-01,COL,377.57
2016-02-01,COL,367.845
2016-03-01,COL,295.322
2016-04-01,COL,278.161
2016-05-01,COL,296.521
2016-06-01,COL,257.437
2016-07-01,COL,270.003
2016-08-01,COL,231.941
2016-09-01,COL,221.01899999999998
2016-10-01,COL,237.206
2016-11-01,COL,252.17399999999998
2016-12-01,COL,224.87400000000002
2017-01-01,COL,209.192
2017-02-01,COL,202.46800000000002
2017-03-01,COL,192.14
2017-04-01,COL,194.632
2017-05-01,COL,202.80800000000002
2017-06-01,COL,199.909
2017-07-01,COL,194.22
2017-08-01,COL,194.963
2017-09-01,COL,184.506
2017-10-01,COL,183.384
2017-11-01,COL,175.524
2017-12-01,COL,172.512
2018-01-01,COL,152.797
2018-02-01,COL,178.06900000000002
2018-03-01,COL,180.494
2018-04-01,COL,181.54999999999998
2018-05-01,COL,205.00099999999998
2018-06-01,COL,196.87300000000002
2018-07-01,COL,177.254
2018-08-01,COL,183.863
2018-09-01,COL,167.833
2018-10-01,COL,185.678
2018-11-01,COL,209.63
2018-12-01,COL,227.687
2019-01-01,COL,190.865
2019-02-01,COL,185.612
2019-03-01,COL,183.894
2019-04-01,COL,175.606
2019-05-01,COL,211.77800000000002
2019-06-01,COL,181.49599999999998
2019-07-01,COL,175.34
2019-08-01,COL,178.624
2019-09-01,COL,182.514
2019-10-01,COL,181.862
2019-11-01,COL,187.506
2019-12-01,COL,161.35
2020-01-01,COL,175.679
2020-02-01,COL,212.156
2020-03-01,COL,376.398
2020-04-01,COL,392.384
2020-05-01,COL,288.484
2020-06-01,COL,292.90500000000003
2020-07-01,COL,253.175
2020-08-01,COL,249.83100000000002
2020-09-01,COL,262.45099999999996
2020-10-01,COL,244.031
2020-11-01,COL,227.541
2020-12-01,COL,205.55599999999998
2021-01-01,COL,218.691
2021-02-01,COL,232.268
2021-03-01,COL,216.304
2021-04-01,COL,225.983
2021-05-01,COL,247.642
2021-06-01,COL,247.04799999999997
2021-07-01,COL,275.898
2021-08-01,COL,272.39
2021-09-01,COL,301.37100000000004
2021-10-01,COL,301.865
2021-11-01,COL,359.197
2021-12-01,COL,352.963
2022-01-01,COL,373.545
2022-02-01,COL,385.49199999999996
2022-03-01,COL,337.865
2022-04-01,COL,374.54900000000004
2022-05-01,COL,336.977
2022-06-01,COL,446.20300000000003
2022-07-01,COL,402.707
2022-08-01,COL,424.46200000000005
2022-09-01,COL,459.71799999999996
2022-10-01,COL,455.894
2022-11-01,COL,404.422
2022-12-01,COL,369.23900000000003
2023-01-01,COL,375.67499999999995
2023-02-01,COL,393.189
2023-03-01,COL,382.031
2023-04-01,COL,422.112
2023-05-01,COL,406.065
2023-06-01,COL,365.613
2023-07-01,COL,313.143
2023-08-01,COL,321.291
2023-09-01,COL,335.317
2023-10-01,COL,323.406
2023-11-01,COL,303.805
2023-12-01,COL,271.897
2024-01-01,COL,309.612
2024-02-01,COL,299.32500000000005
2024-03-01,COL,292.061
2024-04-01,COL,302.93800000000005
2024-05-01,COL,302.17
2024-06-01,COL,305.394
2024-07-01,COL,315.164
2024-08-01,COL,313.451
2024-09-01,COL,317.151
2024-10-01,COL,336.8
2024-11-01,COL,330.408
2024-12-01,COL,329.908
2025-01-01,COL,326.673
2025-02-01,COL,335.79200000000003
2025-03-01,COL,356.298
2025-04-01,COL,388.41700000000003
2025-05-01,COL,343.882
2025-06-01,COL,349.469
2025-07-01,COL,306.44
2025-08-01,COL,281.568
2025-09-01,COL,262.717
2025-10-01,COL,251.358
2025-11-01,COL,276.714
2025-12-01,COL,274.717
2026-01-01,COL,261.83
2026-02-01,COL,293.86899999999997
2026-03-01,COL,281.841
2026-04-01,COL,235.22599999999997
2007-10-01,DOM,213.124
2007-11-01,DOM,268.852
2007-12-01,DOM,281.066
2008-01-01,DOM,358.73400000000004
2008-02-01,DOM,422.241
2008-03-01,DOM,489.22499999999997
2008-04-01,DOM,407.86800000000005
2008-05-01,DOM,403.142
2008-06-01,DOM,463.143
2008-07-01,DOM,529.384
2008-08-01,DOM,496.791
2008-09-01,DOM,671.442
2008-10-01,DOM,1689.6360000000002
2008-11-01,DOM,1705.087
2008-12-01,DOM,1604.9600000000003
2009-01-01,DOM,1159.064
2009-02-01,DOM,1147.444
2009-03-01,DOM,1118.059
2009-04-01,DOM,943.557
2009-05-01,DOM,843.029
2009-06-01,DOM,857.785
2009-07-01,DOM,863.414
2009-08-01,DOM,761.895
2009-09-01,DOM,487.27600000000007
2009-10-01,DOM,506.527
2009-11-01,DOM,474.502
2009-12-01,DOM,405.335
2010-01-01,DOM,427.735
2010-02-01,DOM,443.65500000000003
2010-03-01,DOM,373.529
2010-04-01,DOM,382.308
2010-05-01,DOM,470.695
2010-06-01,DOM,431.574
2010-07-01,DOM,405.067
2010-08-01,DOM,368.503
2010-09-01,DOM,333.38
2010-10-01,DOM,309.90999999999997
2010-11-01,DOM,330.857
2010-12-01,DOM,322.376
2011-01-01,DOM,364.398
2011-02-01,DOM,389.225
2011-03-01,DOM,392.914
2011-04-01,DOM,367.546
2011-05-01,DOM,386.896
2011-06-01,DOM,393.228
2011-07-01,DOM,418.42499999999995
2011-08-01,DOM,495.309
2011-09-01,DOM,586.553
2011-10-01,DOM,507.299
2011-11-01,DOM,536.296
2011-12-01,DOM,596.5600000000001
2012-01-01,DOM,556.722
2012-02-01,DOM,542.6890000000001
2012-03-01,DOM,506.074
2012-04-01,DOM,513.3580000000001
2012-05-01,DOM,532.102
2012-06-01,DOM,488.32500000000005
2012-07-01,DOM,480.90700000000004
2012-08-01,DOM,418.107
2012-09-01,DOM,417.793
2012-10-01,DOM,348.372
2012-11-01,DOM,357.492
2012-12-01,DOM,342.553
2013-01-01,DOM,343.771
2013-02-01,DOM,393.89300000000003
2013-03-01,DOM,384.858
2013-04-01,DOM,379.19800000000004
2013-05-01,DOM,359.08500000000004
2013-06-01,DOM,400.805
2013-07-01,DOM,385.34999999999997
2013-08-01,DOM,398.805
2013-09-01,DOM,428.681
2013-10-01,DOM,362.262
2013-11-01,DOM,407.699
2013-12-01,DOM,348.789
2014-01-01,DOM,391.665
2014-02-01,DOM,358.738
2014-03-01,DOM,330.108
2014-04-01,DOM,331.882
2014-05-01,DOM,324.18399999999997
2014-06-01,DOM,325.609
2014-07-01,DOM,315.224
2014-08-01,DOM,315.77299999999997
2014-09-01,DOM,351.03200000000004
2014-10-01,DOM,326.762
2014-11-01,DOM,341.398
2014-12-01,DOM,381.021
2015-01-01,DOM,408.675
2015-02-01,DOM,349.368
2015-03-01,DOM,379.23900000000003
2015-04-01,DOM,360.908
2015-05-01,DOM,363.332
2015-06-01,DOM,351.23
2015-07-01,DOM,376.46999999999997
2015-08-01,DOM,395.594
2015-09-01,DOM,437.033
2015-10-01,DOM,398.956
2015-11-01,DOM,405.271
2015-12-01,DOM,421.197
2016-01-01,DOM,497.50100000000003
2016-02-01,DOM,479.75399999999996
2016-03-01,DOM,434.36899999999997
2016-04-01,DOM,416.73099999999994
2016-05-01,DOM,423.083
2016-06-01,DOM,428.38599999999997
2016-07-01,DOM,398.652
2016-08-01,DOM,352.901
2016-09-01,DOM,351.287
2016-10-01,DOM,386.142
2016-11-01,DOM,414.556
2016-12-01,DOM,406.88199999999995
2017-01-01,DOM,370.968
2017-02-01,DOM,341.074
2017-03-01,DOM,332.93
2017-04-01,DOM,318.086
2017-05-01,DOM,326.937
2017-06-01,DOM,321.339
2017-07-01,DOM,297.646
2017-08-01,DOM,295.237
2017-09-01,DOM,283.003
2017-10-01,DOM,277.632
2017-11-01,DOM,273.811
2017-12-01,DOM,275.475
2018-01-01,DOM,257.068
2018-02-01,DOM,267.171
2018-03-01,DOM,291.707
2018-04-01,DOM,308.273
2018-05-01,DOM,345.875
2018-06-01,DOM,348.278
2018-07-01,DOM,315.66999999999996
2018-08-01,DOM,325.128
2018-09-01,DOM,305.392
2018-10-01,DOM,325.524
2018-11-01,DOM,360.99399999999997
2018-12-01,DOM,371.441
2019-01-01,DOM,328.108
2019-02-01,DOM,309.418
2019-03-01,DOM,317.66700000000003
2019-04-01,DOM,310.21000000000004
2019-05-01,DOM,347.865
2019-06-01,DOM,333.56
2019-07-01,DOM,316.029
2019-08-01,DOM,352.496
2019-09-01,DOM,357.822
2019-10-01,DOM,338.72
2019-11-01,DOM,351.86899999999997
2019-12-01,DOM,309.5
2020-01-01,DOM,357.888
2020-02-01,DOM,405.478
2020-03-01,DOM,621.066
2020-04-01,DOM,695.6030000000001
2020-05-01,DOM,596.115
2020-06-01,DOM,566.669
2020-07-01,DOM,504.73699999999997
2020-08-01,DOM,477.745
2020-09-01,DOM,482.939
2020-10-01,DOM,441.619
2020-11-01,DOM,391.305
2020-12-01,DOM,339.829
2021-01-01,DOM,351.33299999999997
2021-02-01,DOM,361.682
2021-03-01,DOM,342.076
2021-04-01,DOM,327.25399999999996
2021-05-01,DOM,337.449
2021-06-01,DOM,351.631
2021-07-01,DOM,367.36
2021-08-01,DOM,353.7
2021-09-01,DOM,357.896
2021-10-01,DOM,365.263
2021-11-01,DOM,396.34900000000005
2021-12-01,DOM,365.746
2022-01-01,DOM,378.017
2022-02-01,DOM,437.199
2022-03-01,DOM,393.933
2022-04-01,DOM,417.388
2022-05-01,DOM,410.754
2022-06-01,DOM,512.096
2022-07-01,DOM,447.937
2022-08-01,DOM,441.185
2022-09-01,DOM,473.855
2022-10-01,DOM,431.252
2022-11-01,DOM,374.252
2022-12-01,DOM,357.928
2023-01-01,DOM,352.847
2023-02-01,DOM,336.977
2023-03-01,DOM,369.22700000000003
2023-04-01,DOM,359.563
2023-05-01,DOM,366.26099999999997
2023-06-01,DOM,330.27500000000003
2023-07-01,DOM,296.769
2023-08-01,DOM,312.46
2023-09-01,DOM,318.68
2023-10-01,DOM,297.01599999999996
2023-11-01,DOM,266.318
2023-12-01,DOM,247.00000000000003
2024-01-01,DOM,256.037
2024-02-01,DOM,232.599
2024-03-01,DOM,230.546
2024-04-01,DOM,219.784
2024-05-01,DOM,208.772
2024-06-01,DOM,217.333
2024-07-01,DOM,222.485
2024-08-01,DOM,200.773
2024-09-01,DOM,197.065
2024-10-01,DOM,203.714
2024-11-01,DOM,206.048
2024-12-01,DOM,206.461
2025-01-01,DOM,198.009
2025-02-01,DOM,218.19299999999998
2025-03-01,DOM,233.914
2025-04-01,DOM,253.483
2025-05-01,DOM,219.936
2025-06-01,DOM,217.079
2025-07-01,DOM,195.518
2025-08-01,DOM,186.713
2025-09-01,DOM,174.553
2025-10-01,DOM,173.086
2025-11-01,DOM,191.79
2025-12-01,DOM,168.739
2026-01-01,DOM,163.976
2026-02-01,DOM,188.601
2026-03-01,DOM,220.982
2026-04-01,DOM,178.51999999999998
2007-10-01,ECU,575.163
2007-11-01,ECU,616.2810000000001
2007-12-01,ECU,614.0749999999999
2008-01-01,ECU,649.015
2008-02-01,ECU,639.806
2008-03-01,ECU,662.477
2008-04-01,ECU,574.272
2008-05-01,ECU,541.422
2008-06-01,ECU,596.246
2008-07-01,ECU,664.285
2008-08-01,ECU,724.3240000000001
2008-09-01,ECU,1001.324
2008-10-01,ECU,3149.9669999999996
2008-11-01,ECU,3575.784
2008-12-01,ECU,4731.154
2009-01-01,ECU,3841.559
2009-02-01,ECU,3433.1620000000003
2009-03-01,ECU,3567.893
2009-04-01,ECU,3385.4500000000003
2009-05-01,ECU,3003.433
2009-06-01,ECU,1321.908
2009-07-01,ECU,1179.551
2009-08-01,ECU,1090.9950000000001
2009-09-01,ECU,939.537
2009-10-01,ECU,814.3739999999999
2009-11-01,ECU,841.626
2009-12-01,ECU,769.489
2010-01-01,ECU,805.9900000000001
2010-02-01,ECU,822.257
2010-03-01,ECU,816.657
2010-04-01,ECU,822.851
2010-05-01,ECU,951.6719999999999
2010-06-01,ECU,1013.447
2010-07-01,ECU,1037.0720000000001
2010-08-01,ECU,1040.273
2010-09-01,ECU,1226.351
2010-10-01,ECU,1010.708
2010-11-01,ECU,987.7090000000001
2010-12-01,ECU,913.3609999999999
2011-01-01,ECU,841.2839999999999
2011-02-01,ECU,758.761
2011-03-01,ECU,780.382
2011-04-01,ECU,781.768
2011-05-01,ECU,799.193
2011-06-01,ECU,782.841
2011-07-01,ECU,779.131
2011-08-01,ECU,871.232
2011-09-01,ECU,867.913
2011-10-01,ECU,886.178
2011-11-01,ECU,838.247
2011-12-01,ECU,845.556
2012-01-01,ECU,817.971
2012-02-01,ECU,787.967
2012-03-01,ECU,824.2520000000001
2012-04-01,ECU,792.242
2012-05-01,ECU,948.3100000000001
2012-06-01,ECU,892.4519999999999
2012-07-01,ECU,852.0609999999999
2012-08-01,ECU,790.569
2012-09-01,ECU,743.341
2012-10-01,ECU,824.1419999999999
2012-11-01,ECU,829.429
2012-12-01,ECU,825.8720000000001
2013-01-01,ECU,703.6469999999999
2013-02-01,ECU,704.268
2013-03-01,ECU,699.697
2013-04-01,ECU,647.2800000000001
2013-05-01,ECU,626.34
2013-06-01,ECU,665.053
2013-07-01,ECU,619.893
2013-08-01,ECU,648.6220000000001
2013-09-01,ECU,627.672
2013-10-01,ECU,499.484
2013-11-01,ECU,539.017
2013-12-01,ECU,530.283
2014-01-01,ECU,605.267
2014-02-01,ECU,609.238
2014-03-01,ECU,507.578
2014-04-01,ECU,361.044
2014-05-01,ECU,371.967
2014-06-01,ECU,375.685
2014-07-01,ECU,486.325
2014-08-01,ECU,411.564
2014-09-01,ECU,484.441
2014-10-01,ECU,494.824
2014-11-01,ECU,550.334
2014-12-01,ECU,883.193
2015-01-01,ECU,887.3659999999999
2015-02-01,ECU,763.2570000000001
2015-03-01,ECU,864.83
2015-04-01,ECU,672.461
2015-05-01,ECU,735.133
2015-06-01,ECU,823.569
2015-07-01,ECU,979.8
2015-08-01,ECU,1343.605
2015-09-01,ECU,1451.466
2015-10-01,ECU,1251.608
2015-11-01,ECU,1206.934
2015-12-01,ECU,1265.733
2016-01-01,ECU,1509.486
2016-02-01,ECU,1390.806
2016-03-01,ECU,1058.309
2016-04-01,ECU,940.9169999999999
2016-05-01,ECU,854.9620000000001
2016-06-01,ECU,912.637
2016-07-01,ECU,877.16
2016-08-01,ECU,862.646
2016-09-01,ECU,844.9780000000001
2016-10-01,ECU,743.4459999999999
2016-11-01,ECU,735.771
2016-12-01,ECU,646.5880000000001
2017-01-01,ECU,590.1329999999999
2017-02-01,ECU,571.941
2017-03-01,ECU,666.282
2017-04-01,ECU,666.745
2017-05-01,ECU,694.153
2017-06-01,ECU,706.493
2017-07-01,ECU,672.624
2017-08-01,ECU,643.065
2017-09-01,ECU,606.443
2017-10-01,ECU,562.66
2017-11-01,ECU,507.37399999999997
2017-12-01,ECU,458.72700000000003
2018-01-01,ECU,442.32199999999995
2018-02-01,ECU,490.177
2018-03-01,ECU,543.8430000000001
2018-04-01,ECU,666.727
2018-05-01,ECU,670.822
2018-06-01,ECU,761.111
2018-07-01,ECU,603.49
2018-08-01,ECU,724.915
2018-09-01,ECU,622.22
2018-10-01,ECU,722.319
2018-11-01,ECU,739.865
2018-12-01,ECU,826.327
2019-01-01,ECU,689.569
2019-02-01,ECU,588.697
2019-03-01,ECU,592.0
2019-04-01,ECU,560.087
2019-05-01,ECU,618.63
2019-06-01,ECU,580.128
2019-07-01,ECU,603.381
2019-08-01,ECU,704.512
2019-09-01,ECU,676.926
2019-10-01,ECU,789.057
2019-11-01,ECU,1145.5140000000001
2019-12-01,ECU,825.991
2020-01-01,ECU,1017.9830000000001
2020-02-01,ECU,1466.33
2020-03-01,ECU,4553.138
2020-04-01,ECU,5129.195
2020-05-01,ECU,3906.6929999999998
2020-06-01,ECU,3372.712
2020-07-01,ECU,2754.602
2020-08-01,ECU,2812.9429999999998
2020-09-01,ECU,1015.1239999999999
2020-10-01,ECU,1029.411
2020-11-01,ECU,1065.4019999999998
2020-12-01,ECU,1062.2669999999998
2021-01-01,ECU,1272.536
2021-02-01,ECU,1226.141
2021-03-01,ECU,1201.145
2021-04-01,ECU,764.27
2021-05-01,ECU,729.682
2021-06-01,ECU,776.073
2021-07-01,ECU,789.5360000000001
2021-08-01,ECU,750.638
2021-09-01,ECU,834.685
2021-10-01,ECU,847.3810000000001
2021-11-01,ECU,890.9639999999999
2021-12-01,ECU,869.0699999999999
2022-01-01,ECU,767.534
2022-02-01,ECU,755.105
2022-03-01,ECU,810.384
2022-04-01,ECU,815.5530000000001
2022-05-01,ECU,801.948
2022-06-01,ECU,1164.954
2022-07-01,ECU,1335.874
2022-08-01,ECU,1550.047
2022-09-01,ECU,1753.103
2022-10-01,ECU,1569.979
2022-11-01,ECU,1333.099
2022-12-01,ECU,1250.2060000000001
2023-01-01,ECU,1215.658
2023-02-01,ECU,1764.6339999999998
2023-03-01,ECU,1916.768
2023-04-01,ECU,1757.016
2023-05-01,ECU,1911.186
2023-06-01,ECU,1902.387
2023-07-01,ECU,1933.7810000000002
2023-08-01,ECU,1850.245
2023-09-01,ECU,1788.673
2023-10-01,ECU,1755.3049999999998
2023-11-01,ECU,2016.0710000000001
2023-12-01,ECU,2054.6949999999997
2024-01-01,ECU,1786.025
2024-02-01,ECU,1420.258
2024-03-01,ECU,1232.56
2024-04-01,ECU,1120.47
2024-05-01,ECU,1273.673
2024-06-01,ECU,1391.176
2024-07-01,ECU,1305.298
2024-08-01,ECU,1239.8210000000001
2024-09-01,ECU,1211.146
2024-10-01,ECU,1250.1490000000001
2024-11-01,ECU,1286.4979999999998
2024-12-01,ECU,1199.547
2025-01-01,ECU,940.874
2025-02-01,ECU,1378.225
2025-03-01,ECU,1630.147
2025-04-01,ECU,1189.0790000000002
2025-05-01,ECU,1098.2440000000001
2025-06-01,ECU,813.927
2025-07-01,ECU,786.8979999999999
2025-08-01,ECU,756.203
2025-09-01,ECU,776.989
2025-10-01,ECU,733.04
2025-11-01,ECU,554.1850000000001
2025-12-01,ECU,491.993
2026-01-01,ECU,438.95
2026-02-01,ECU,483.56399999999996
2026-03-01,ECU,505.741
2026-04-01,ECU,414.621
2007-10-01,MEX,120.928
2007-11-01,MEX,169.50099999999998
2007-12-01,MEX,171.511
2008-01-01,MEX,198.035
2008-02-01,MEX,191.23399999999998
2008-03-01,MEX,192.971
2008-04-01,MEX,164.46099999999998
2008-05-01,MEX,158.412
2008-06-01,MEX,193.803
2008-07-01,MEX,192.316
2008-08-01,MEX,206.738
2008-09-01,MEX,274.759
2008-10-01,MEX,390.419
2008-11-01,MEX,482.193
2008-12-01,MEX,433.799
2009-01-01,MEX,410.909
2009-02-01,MEX,428.64699999999993
2009-03-01,MEX,441.42400000000004
2009-04-01,MEX,349.60200000000003
2009-05-01,MEX,270.11899999999997
2009-06-01,MEX,279.621
2009-07-01,MEX,249.839
2009-08-01,MEX,270.614
2009-09-01,MEX,234.29500000000002
2009-10-01,MEX,224.422
2009-11-01,MEX,220.945
2009-12-01,MEX,192.055
2010-01-01,MEX,214.42999999999998
2010-02-01,MEX,195.862
2010-03-01,MEX,158.584
2010-04-01,MEX,180.512
2010-05-01,MEX,218.715
2010-06-01,MEX,211.566
2010-07-01,MEX,192.003
2010-08-01,MEX,209.83
2010-09-01,MEX,190.827
2010-10-01,MEX,154.684
2010-11-01,MEX,186.988
2010-12-01,MEX,173.21200000000002
2011-01-01,MEX,162.214
2011-02-01,MEX,161.944
2011-03-01,MEX,160.367
2011-04-01,MEX,163.726
2011-05-01,MEX,167.816
2011-06-01,MEX,148.402
2011-07-01,MEX,158.988
2011-08-01,MEX,196.107
2011-09-01,MEX,266.784
2011-10-01,MEX,221.197
2011-11-01,MEX,227.738
2011-12-01,MEX,222.22
2012-01-01,MEX,229.384
2012-02-01,MEX,208.69
2012-03-01,MEX,184.61700000000002
2012-04-01,MEX,186.8
2012-05-01,MEX,249.33299999999997
2012-06-01,MEX,201.93599999999998
2012-07-01,MEX,176.051
2012-08-01,MEX,185.537
2012-09-01,MEX,171.699
2012-10-01,MEX,166.257
2012-11-01,MEX,168.64600000000002
2012-12-01,MEX,155.35000000000002
2013-01-01,MEX,164.583
2013-02-01,MEX,180.27
2013-03-01,MEX,182.446
2013-04-01,MEX,169.351
2013-05-01,MEX,195.614
2013-06-01,MEX,223.17000000000002
2013-07-01,MEX,202.373
2013-08-01,MEX,222.178
2013-09-01,MEX,209.665
2013-10-01,MEX,195.70000000000002
2013-11-01,MEX,211.24200000000002
2013-12-01,MEX,177.086
2014-01-01,MEX,218.926
2014-02-01,MEX,194.767
2014-03-01,MEX,182.029
2014-04-01,MEX,177.266
2014-05-01,MEX,164.619
2014-06-01,MEX,160.114
2014-07-01,MEX,163.514
2014-08-01,MEX,161.23499999999999
2014-09-01,MEX,185.863
2014-10-01,MEX,187.687
2014-11-01,MEX,195.308
2014-12-01,MEX,212.772
2015-01-01,MEX,251.63299999999998
2015-02-01,MEX,215.176
2015-03-01,MEX,227.59
2015-04-01,MEX,223.65400000000002
2015-05-01,MEX,225.27300000000002
2015-06-01,MEX,232.314
2015-07-01,MEX,244.0
2015-08-01,MEX,270.281
2015-09-01,MEX,312.91
2015-10-01,MEX,275.291
2015-11-01,MEX,280.206
2015-12-01,MEX,314.97
2016-01-01,MEX,361.633
2016-02-01,MEX,353.292
2016-03-01,MEX,307.854
2016-04-01,MEX,286.008
2016-05-01,MEX,303.77299999999997
2016-06-01,MEX,292.813
2016-07-01,MEX,294.32
2016-08-01,MEX,257.86899999999997
2016-09-01,MEX,294.224
2016-10-01,MEX,293.10999999999996
2016-11-01,MEX,330.34
2016-12-01,MEX,295.552
2017-01-01,MEX,296.046
2017-02-01,MEX,274.558
2017-03-01,MEX,255.06199999999998
2017-04-01,MEX,254.13000000000002
2017-05-01,MEX,255.37
2017-06-01,MEX,254.684
2017-07-01,MEX,236.55599999999998
2017-08-01,MEX,244.202
2017-09-01,MEX,233.13100000000003
2017-10-01,MEX,246.902
2017-11-01,MEX,232.416
2017-12-01,MEX,244.638
2018-01-01,MEX,223.42499999999998
2018-02-01,MEX,237.77400000000003
2018-03-01,MEX,251.65099999999998
2018-04-01,MEX,262.80899999999997
2018-05-01,MEX,287.543
2018-06-01,MEX,280.79999999999995
2018-07-01,MEX,273.553
2018-08-01,MEX,281.562
2018-09-01,MEX,256.365
2018-10-01,MEX,306.817
2018-11-01,MEX,346.739
2018-12-01,MEX,356.77
2019-01-01,MEX,330.338
2019-02-01,MEX,315.843
2019-03-01,MEX,307.824
2019-04-01,MEX,292.05
2019-05-01,MEX,329.158
2019-06-01,MEX,329.33
2019-07-01,MEX,323.10400000000004
2019-08-01,MEX,334.346
2019-09-01,MEX,317.172
2019-10-01,MEX,320.158
2019-11-01,MEX,319.918
2019-12-01,MEX,292.181
2020-01-01,MEX,308.385
2020-02-01,MEX,371.821
2020-03-01,MEX,653.257
2020-04-01,MEX,656.2389999999999
2020-05-01,MEX,535.779
2020-06-01,MEX,526.079
2020-07-01,MEX,493.492
2020-08-01,MEX,459.192
2020-09-01,MEX,500.54999999999995
2020-10-01,MEX,477.065
2020-11-01,MEX,426.248
2020-12-01,MEX,360.649
2021-01-01,MEX,377.637
2021-02-01,MEX,368.495
2021-03-01,MEX,351.356
2021-04-01,MEX,342.152
2021-05-01,MEX,335.075
2021-06-01,MEX,347.939
2021-07-01,MEX,362.183
2021-08-01,MEX,352.421
2021-09-01,MEX,360.37
2021-10-01,MEX,353.42199999999997
2021-11-01,MEX,388.558
2021-12-01,MEX,347.468
2022-01-01,MEX,356.30600000000004
2022-02-01,MEX,381.958
2022-03-01,MEX,349.245
2022-04-01,MEX,391.07500000000005
2022-05-01,MEX,381.61
2022-06-01,MEX,473.236
2022-07-01,MEX,437.373
2022-08-01,MEX,431.94100000000003
2022-09-01,MEX,482.541
2022-10-01,MEX,427.65000000000003
2022-11-01,MEX,392.109
2022-12-01,MEX,385.956
2023-01-01,MEX,357.305
2023-02-01,MEX,367.589
2023-03-01,MEX,392.697
2023-04-01,MEX,396.339
2023-05-01,MEX,406.362
2023-06-01,MEX,372.835
2023-07-01,MEX,353.96000000000004
2023-08-01,MEX,364.565
2023-09-01,MEX,378.223
2023-10-01,MEX,379.158
2023-11-01,MEX,358.342
2023-12-01,MEX,339.751
2024-01-01,MEX,340.504
2024-02-01,MEX,328.258
2024-03-01,MEX,313.784
2024-04-01,MEX,308.885
2024-05-01,MEX,299.143
2024-06-01,MEX,318.849
2024-07-01,MEX,323.97200000000004
2024-08-01,MEX,327.467
2024-09-01,MEX,315.463
2024-10-01,MEX,306.717
2024-11-01,MEX,312.84299999999996
2024-12-01,MEX,319.125
2025-01-01,MEX,316.65000000000003
2025-02-01,MEX,320.838
2025-03-01,MEX,325.999
2025-04-01,MEX,351.382
2025-05-01,MEX,314.666
2025-06-01,MEX,287.324
2025-07-01,MEX,255.63099999999997
2025-08-01,MEX,245.165
2025-09-01,MEX,213.21699999999998
2025-10-01,MEX,211.753
2025-11-01,MEX,229.806
2025-12-01,MEX,221.862
2026-01-01,MEX,214.302
2026-02-01,MEX,226.34099999999998
2026-03-01,MEX,233.21200000000002
2026-04-01,MEX,211.35000000000002
2007-10-01,PAN,145.827
2007-11-01,PAN,195.228
2007-12-01,PAN,183.822
2008-01-01,PAN,237.635
2008-02-01,PAN,243.04000000000002
2008-03-01,PAN,244.225
2008-04-01,PAN,194.88
2008-05-01,PAN,170.536
2008-06-01,PAN,217.83700000000002
2008-07-01,PAN,212.38199999999998
2008-08-01,PAN,225.406
2008-09-01,PAN,304.546
2008-10-01,PAN,511.214
2008-11-01,PAN,581.998
2008-12-01,PAN,539.199
2009-01-01,PAN,445.397
2009-02-01,PAN,449.927
2009-03-01,PAN,481.14
2009-04-01,PAN,353.493
2009-05-01,PAN,298.861
2009-06-01,PAN,276.685
2009-07-01,PAN,265.553
2009-08-01,PAN,269.989
2009-09-01,PAN,213.83100000000002
2009-10-01,PAN,226.44600000000003
2009-11-01,PAN,204.59
2009-12-01,PAN,166.384
2010-01-01,PAN,213.17499999999998
2010-02-01,PAN,193.878
2010-03-01,PAN,166.805
2010-04-01,PAN,165.439
2010-05-01,PAN,195.38500000000002
2010-06-01,PAN,219.97
2010-07-01,PAN,177.69
2010-08-01,PAN,193.16199999999998
2010-09-01,PAN,174.33700000000002
2010-10-01,PAN,135.124
2010-11-01,PAN,170.33100000000002
2010-12-01,PAN,162.121
2011-01-01,PAN,149.74
2011-02-01,PAN,160.33599999999998
2011-03-01,PAN,150.351
2011-04-01,PAN,149.994
2011-05-01,PAN,155.732
2011-06-01,PAN,127.244
2011-07-01,PAN,142.876
2011-08-01,PAN,181.901
2011-09-01,PAN,252.116
2011-10-01,PAN,201.14200000000002
2011-11-01,PAN,191.408
2011-12-01,PAN,200.60500000000002
2012-01-01,PAN,212.48399999999998
2012-02-01,PAN,180.342
2012-03-01,PAN,152.803
2012-04-01,PAN,158.072
2012-05-01,PAN,218.262
2012-06-01,PAN,186.501
2012-07-01,PAN,169.221
2012-08-01,PAN,149.37
2012-09-01,PAN,148.177
2012-10-01,PAN,129.81400000000002
2012-11-01,PAN,141.043
2012-12-01,PAN,129.20000000000002
2013-01-01,PAN,139.96599999999998
2013-02-01,PAN,162.611
2013-03-01,PAN,168.68099999999998
2013-04-01,PAN,149.16400000000002
2013-05-01,PAN,159.635
2013-06-01,PAN,218.08800000000002
2013-07-01,PAN,182.54
2013-08-01,PAN,219.25300000000001
2013-09-01,PAN,207.865
2013-10-01,PAN,195.796
2013-11-01,PAN,219.233
2013-12-01,PAN,198.738
2014-01-01,PAN,235.812
2014-02-01,PAN,214.101
2014-03-01,PAN,187.673
2014-04-01,PAN,186.23499999999999
2014-05-01,PAN,172.09
2014-06-01,PAN,177.084
2014-07-01,PAN,177.20499999999998
2014-08-01,PAN,170.82299999999998
2014-09-01,PAN,187.319
2014-10-01,PAN,184.63400000000001
2014-11-01,PAN,187.985
2014-12-01,PAN,184.805
2015-01-01,PAN,204.89000000000001
2015-02-01,PAN,180.293
2015-03-01,PAN,193.67000000000002
2015-04-01,PAN,183.642
2015-05-01,PAN,187.264
2015-06-01,PAN,187.657
2015-07-01,PAN,194.13899999999998
2015-08-01,PAN,211.951
2015-09-01,PAN,240.716
2015-10-01,PAN,203.9
2015-11-01,PAN,208.57299999999998
2015-12-01,PAN,214.316
2016-01-01,PAN,246.238
2016-02-01,PAN,237.638
2016-03-01,PAN,205.969
2016-04-01,PAN,195.582
2016-05-01,PAN,211.273
2016-06-01,PAN,213.631
2016-07-01,PAN,196.72899999999998
2016-08-01,PAN,164.739
2016-09-01,PAN,169.547
2016-10-01,PAN,168.458
2016-11-01,PAN,185.793
2016-12-01,PAN,186.652
2017-01-01,PAN,169.004
2017-02-01,PAN,161.899
2017-03-01,PAN,156.166
2017-04-01,PAN,149.555
2017-05-01,PAN,157.121
2017-06-01,PAN,155.465
2017-07-01,PAN,142.279
2017-08-01,PAN,138.464
2017-09-01,PAN,125.47600000000001
2017-10-01,PAN,124.15099999999998
2017-11-01,PAN,114.042
2017-12-01,PAN,118.532
2018-01-01,PAN,101.52600000000001
2018-02-01,PAN,114.34100000000001
2018-03-01,PAN,135.21
2018-04-01,PAN,135.27100000000002
2018-05-01,PAN,151.196
2018-06-01,PAN,151.983
2018-07-01,PAN,129.918
2018-08-01,PAN,136.418
2018-09-01,PAN,119.488
2018-10-01,PAN,146.234
2018-11-01,PAN,154.91299999999998
2018-12-01,PAN,171.325
2019-01-01,PAN,153.325
2019-02-01,PAN,141.67000000000002
2019-03-01,PAN,145.254
2019-04-01,PAN,133.774
2019-05-01,PAN,158.528
2019-06-01,PAN,139.398
2019-07-01,PAN,133.623
2019-08-01,PAN,132.39600000000002
2019-09-01,PAN,138.829
2019-10-01,PAN,138.756
2019-11-01,PAN,133.23499999999999
2019-12-01,PAN,114.333
2020-01-01,PAN,132.345
2020-02-01,PAN,163.551
2020-03-01,PAN,283.21999999999997
2020-04-01,PAN,282.102
2020-05-01,PAN,236.83
2020-06-01,PAN,212.48200000000003
2020-07-01,PAN,183.677
2020-08-01,PAN,179.12699999999998
2020-09-01,PAN,193.405
2020-10-01,PAN,176.113
2020-11-01,PAN,168.667
2020-12-01,PAN,148.583
2021-01-01,PAN,151.352
2021-02-01,PAN,171.838
2021-03-01,PAN,154.93699999999998
2021-04-01,PAN,162.27100000000002
2021-05-01,PAN,161.03300000000002
2021-06-01,PAN,169.50099999999998
2021-07-01,PAN,182.333
2021-08-01,PAN,177.75900000000001
2021-09-01,PAN,186.326
2021-10-01,PAN,190.03
2021-11-01,PAN,214.14
2021-12-01,PAN,186.834
2022-01-01,PAN,207.42600000000002
2022-02-01,PAN,237.647
2022-03-01,PAN,191.703
2022-04-01,PAN,222.71200000000002
2022-05-01,PAN,213.07399999999998
2022-06-01,PAN,246.285
2022-07-01,PAN,253.893
2022-08-01,PAN,243.73
2022-09-01,PAN,286.296
2022-10-01,PAN,274.368
2022-11-01,PAN,224.009
2022-12-01,PAN,214.711
2023-01-01,PAN,223.535
2023-02-01,PAN,216.72699999999998
2023-03-01,PAN,243.04199999999997
2023-04-01,PAN,230.94100000000003
2023-05-01,PAN,226.858
2023-06-01,PAN,214.324
2023-07-01,PAN,194.68099999999998
2023-08-01,PAN,203.48000000000002
2023-09-01,PAN,221.142
2023-10-01,PAN,259.336
2023-11-01,PAN,284.61699999999996
2023-12-01,PAN,282.39
2024-01-01,PAN,310.54400000000004
2024-02-01,PAN,303.94899999999996
2024-03-01,PAN,283.104
2024-04-01,PAN,272.947
2024-05-01,PAN,261.463
2024-06-01,PAN,259.98
2024-07-01,PAN,262.721
2024-08-01,PAN,253.83800000000002
2024-09-01,PAN,237.742
2024-10-01,PAN,268.956
2024-11-01,PAN,272.187
2024-12-01,PAN,303.37100000000004
2025-01-01,PAN,289.331
2025-02-01,PAN,291.003
2025-03-01,PAN,303.451
2025-04-01,PAN,303.64300000000003
2025-05-01,PAN,279.996
2025-06-01,PAN,255.05100000000002
2025-07-01,PAN,231.093
2025-08-01,PAN,205.612
2025-09-01,PAN,176.44899999999998
2025-10-01,PAN,157.49599999999998
2025-11-01,PAN,178.968
2025-12-01,PAN,155.163
2026-01-01,PAN,156.116
2026-02-01,PAN,151.923
2026-03-01,PAN,158.777
2026-04-01,PAN,122.27600000000001
2007-10-01,PER,136.579
2007-11-01,PER,187.721
2007-12-01,PER,178.031
2008-01-01,PER,205.24599999999998
2008-02-01,PER,215.172
2008-03-01,PER,223.22099999999998
2008-04-01,PER,167.77200000000002
2008-05-01,PER,149.918
2008-06-01,PER,198.721
2008-07-01,PER,179.575
2008-08-01,PER,204.109
2008-09-01,PER,309.879
2008-10-01,PER,512.924
2008-11-01,PER,530.136
2008-12-01,PER,508.593
2009-01-01,PER,415.92900000000003
2009-02-01,PER,383.284
2009-03-01,PER,425.25399999999996
2009-04-01,PER,304.094
2009-05-01,PER,278.185
2009-06-01,PER,272.024
2009-07-01,PER,261.885
2009-08-01,PER,257.63
2009-09-01,PER,204.752
2009-10-01,PER,213.19400000000002
2009-11-01,PER,198.85500000000002
2009-12-01,PER,164.52800000000002
2010-01-01,PER,213.55300000000003
2010-02-01,PER,179.424
2010-03-01,PER,148.763
2010-04-01,PER,168.424
2010-05-01,PER,207.94299999999998
2010-06-01,PER,215.06799999999998
2010-07-01,PER,170.909
2010-08-01,PER,191.124
2010-09-01,PER,174.01899999999998
2010-10-01,PER,135.948
2010-11-01,PER,179.867
2010-12-01,PER,165.375
2011-01-01,PER,152.07
2011-02-01,PER,156.01100000000002
2011-03-01,PER,172.664
2011-04-01,PER,216.754
2011-05-01,PER,189.29
2011-06-01,PER,169.023
2011-07-01,PER,159.393
2011-08-01,PER,185.658
2011-09-01,PER,279.39099999999996
2011-10-01,PER,204.62600000000003
2011-11-01,PER,226.526
2011-12-01,PER,215.53300000000002
2012-01-01,PER,221.30700000000002
2012-02-01,PER,195.458
2012-03-01,PER,157.20499999999998
2012-04-01,PER,166.156
2012-05-01,PER,215.75799999999998
2012-06-01,PER,174.38899999999998
2012-07-01,PER,144.97
2012-08-01,PER,144.866
2012-09-01,PER,124.9
2012-10-01,PER,117.695
2012-11-01,PER,121.65299999999999
2012-12-01,PER,113.639
2013-01-01,PER,128.91
2013-02-01,PER,137.69199999999998
2013-03-01,PER,147.029
2013-04-01,PER,131.517
2013-05-01,PER,158.619
2013-06-01,PER,200.781
2013-07-01,PER,179.75699999999998
2013-08-01,PER,207.43900000000002
2013-09-01,PER,183.516
2013-10-01,PER,176.094
2013-11-01,PER,193.198
2013-12-01,PER,161.898
2014-01-01,PER,202.02499999999998
2014-02-01,PER,181.083
2014-03-01,PER,165.178
2014-04-01,PER,148.686
2014-05-01,PER,150.21800000000002
2014-06-01,PER,150.83599999999998
2014-07-01,PER,150.923
2014-08-01,PER,148.07999999999998
2014-09-01,PER,162.47199999999998
2014-10-01,PER,168.969
2014-11-01,PER,166.708
2014-12-01,PER,181.989
2015-01-01,PER,208.43600000000004
2015-02-01,PER,170.367
2015-03-01,PER,180.786
2015-04-01,PER,171.198
2015-05-01,PER,174.185
2015-06-01,PER,181.99099999999999
2015-07-01,PER,196.04299999999998
2015-08-01,PER,224.77999999999997
2015-09-01,PER,257.777
2015-10-01,PER,220.362
2015-11-01,PER,224.47
2015-12-01,PER,240.348
2016-01-01,PER,273.331
2016-02-01,PER,260.42
2016-03-01,PER,225.84300000000002
2016-04-01,PER,197.93099999999998
2016-05-01,PER,213.335
2016-06-01,PER,200.32999999999998
2016-07-01,PER,193.787
2016-08-01,PER,161.59799999999998
2016-09-01,PER,154.385
2016-10-01,PER,155.257
2016-11-01,PER,173.06900000000002
2016-12-01,PER,169.56
2017-01-01,PER,158.746
2017-02-01,PER,151.816
2017-03-01,PER,146.04500000000002
2017-04-01,PER,144.01299999999998
2017-05-01,PER,144.964
2017-06-01,PER,145.089
2017-07-01,PER,151.501
2017-08-01,PER,152.948
2017-09-01,PER,139.544
2017-10-01,PER,136.131
2017-11-01,PER,132.547
2017-12-01,PER,136.256
2018-01-01,PER,119.00299999999999
2018-02-01,PER,137.184
2018-03-01,PER,156.353
2018-04-01,PER,152.2
2018-05-01,PER,167.91799999999998
2018-06-01,PER,165.97
2018-07-01,PER,142.986
2018-08-01,PER,147.147
2018-09-01,PER,132.81799999999998
2018-10-01,PER,152.279
2018-11-01,PER,161.952
2018-12-01,PER,168.028
2019-01-01,PER,144.783
2019-02-01,PER,131.25199999999998
2019-03-01,PER,130.472
2019-04-01,PER,125.84
2019-05-01,PER,148.068
2019-06-01,PER,123.81599999999999
2019-07-01,PER,116.53899999999999
2019-08-01,PER,121.91300000000001
2019-09-01,PER,130.844
2019-10-01,PER,130.719
2019-11-01,PER,126.438
2019-12-01,PER,106.977
2020-01-01,PER,122.25699999999999
2020-02-01,PER,155.742
2020-03-01,PER,264.50800000000004
2020-04-01,PER,257.351
2020-05-01,PER,191.354
2020-06-01,PER,182.138
2020-07-01,PER,150.487
2020-08-01,PER,151.312
2020-09-01,PER,169.933
2020-10-01,PER,148.99800000000002
2020-11-01,PER,160.826
2020-12-01,PER,132.012
2021-01-01,PER,128.04899999999998
2021-02-01,PER,163.72500000000002
2021-03-01,PER,151.8
2021-04-01,PER,164.89499999999998
2021-05-01,PER,168.935
2021-06-01,PER,163.48499999999999
2021-07-01,PER,197.162
2021-08-01,PER,174.946
2021-09-01,PER,180.259
2021-10-01,PER,180.577
2021-11-01,PER,194.35500000000002
2021-12-01,PER,169.99200000000002
2022-01-01,PER,185.509
2022-02-01,PER,212.94
2022-03-01,PER,171.19
2022-04-01,PER,218.263
2022-05-01,PER,194.252
2022-06-01,PER,234.687
2022-07-01,PER,218.82399999999998
2022-08-01,PER,217.571
2022-09-01,PER,246.32100000000003
2022-10-01,PER,227.95399999999998
2022-11-01,PER,192.796
2022-12-01,PER,193.89499999999998
2023-01-01,PER,205.94299999999998
2023-02-01,PER,190.529
2023-03-01,PER,208.601
2023-04-01,PER,193.202
2023-05-01,PER,199.56799999999998
2023-06-01,PER,172.296
2023-07-01,PER,162.853
2023-08-01,PER,163.518
2023-09-01,PER,174.088
2023-10-01,PER,176.378
2023-11-01,PER,160.487
2023-12-01,PER,159.709
2024-01-01,PER,167.42
2024-02-01,PER,152.552
2024-03-01,PER,152.36
2024-04-01,PER,160.095
2024-05-01,PER,158.792
2024-06-01,PER,153.63899999999998
2024-07-01,PER,164.40200000000002
2024-08-01,PER,156.54600000000002
2024-09-01,PER,153.565
2024-10-01,PER,155.51
2024-11-01,PER,156.98399999999998
2024-12-01,PER,157.484
2025-01-01,PER,158.548
2025-02-01,PER,163.853
2025-03-01,PER,170.175
2025-04-01,PER,176.182
2025-05-01,PER,157.51500000000001
2025-06-01,PER,154.148
2025-07-01,PER,140.15200000000002
2025-08-01,PER,131.405
2025-09-01,PER,119.346
2025-10-01,PER,120.30499999999999
2025-11-01,PER,128.454
2025-12-01,PER,134.60399999999998
2026-01-01,PER,128.65
2026-02-01,PER,143.255
2026-03-01,PER,138.776
2026-04-01,PER,125.28200000000001
2007-10-01,SLV,158.238
2007-11-01,SLV,201.20100000000002
2007-12-01,SLV,199.001
2008-01-01,SLV,235.461
2008-02-01,SLV,275.37600000000003
2008-03-01,SLV,296.43600000000004
2008-04-01,SLV,254.017
2008-05-01,SLV,236.35899999999998
2008-06-01,SLV,285.169
2008-07-01,SLV,327.756
2008-08-01,SLV,305.947
2008-09-01,SLV,384.12
2008-10-01,SLV,815.123
2008-11-01,SLV,860.8629999999999
2008-12-01,SLV,854.0330000000001
2009-01-01,SLV,636.594
2009-02-01,SLV,678.154
2009-03-01,SLV,669.533
2009-04-01,SLV,563.863
2009-05-01,SLV,485.14099999999996
2009-06-01,SLV,491.73900000000003
2009-07-01,SLV,448.29499999999996
2009-08-01,SLV,431.857
2009-09-01,SLV,369.377
2009-10-01,SLV,369.657
2009-11-01,SLV,382.87300000000005
2009-12-01,SLV,326.065
2010-01-01,SLV,317.66700000000003
2010-02-01,SLV,306.394
2010-03-01,SLV,257.439
2010-04-01,SLV,258.225
2010-05-01,SLV,337.462
2010-06-01,SLV,352.887
2010-07-01,SLV,364.88
2010-08-01,SLV,373.787
2010-09-01,SLV,361.385
2010-10-01,SLV,305.999
2010-11-01,SLV,329.878
2010-12-01,SLV,301.776
2011-01-01,SLV,303.593
2011-02-01,SLV,325.615
2011-03-01,SLV,330.112
2011-04-01,SLV,334.23699999999997
2011-05-01,SLV,335.277
2011-06-01,SLV,320.77
2011-07-01,SLV,341.863
2011-08-01,SLV,402.18
2011-09-01,SLV,510.196
2011-10-01,SLV,452.222
2011-11-01,SLV,459.43100000000004
2011-12-01,SLV,478.27599999999995
2012-01-01,SLV,485.40900000000005
2012-02-01,SLV,472.85
2012-03-01,SLV,452.96399999999994
2012-04-01,SLV,470.397
2012-05-01,SLV,507.983
2012-06-01,SLV,479.53799999999995
2012-07-01,SLV,470.893
2012-08-01,SLV,430.14400000000006
2012-09-01,SLV,426.03299999999996
2012-10-01,SLV,385.075
2012-11-01,SLV,419.17400000000004
2012-12-01,SLV,396.103
2013-01-01,SLV,331.89700000000005
2013-02-01,SLV,341.209
2013-03-01,SLV,350.077
2013-04-01,SLV,366.372
2013-05-01,SLV,382.302
2013-06-01,SLV,436.245
2013-07-01,SLV,405.13399999999996
2013-08-01,SLV,421.089
2013-09-01,SLV,409.276
2013-10-01,SLV,368.525
2013-11-01,SLV,397.906
2013-12-01,SLV,389.132
2014-01-01,SLV,463.278
2014-02-01,SLV,482.33
2014-03-01,SLV,420.08599999999996
2014-04-01,SLV,388.549
2014-05-01,SLV,382.117
2014-06-01,SLV,375.72
2014-07-01,SLV,355.736
2014-08-01,SLV,373.63100000000003
2014-09-01,SLV,383.435
2014-10-01,SLV,381.38100000000003
2014-11-01,SLV,383.61
2014-12-01,SLV,414.384
2015-01-01,SLV,457.23
2015-02-01,SLV,433.89
2015-03-01,SLV,458.697
2015-04-01,SLV,429.319
2015-05-01,SLV,450.586
2015-06-01,SLV,442.788
2015-07-01,SLV,478.871
2015-08-01,SLV,497.261
2015-09-01,SLV,609.633
2015-10-01,SLV,581.804
2015-11-01,SLV,590.524
2015-12-01,SLV,634.365
2016-01-01,SLV,758.559
2016-02-01,SLV,710.28
2016-03-01,SLV,666.563
2016-04-01,SLV,632.895
2016-05-01,SLV,672.909
2016-06-01,SLV,670.833
2016-07-01,SLV,493.086
2016-08-01,SLV,472.30499999999995
2016-09-01,SLV,485.75600000000003
2016-10-01,SLV,477.716
2016-11-01,SLV,593.9359999999999
2016-12-01,SLV,535.811
2017-01-01,SLV,595.8820000000001
2017-02-01,SLV,566.4010000000001
2017-03-01,SLV,553.254
2017-04-01,SLV,587.7900000000001
2017-05-01,SLV,577.653
2017-06-01,SLV,560.761
2017-07-01,SLV,569.6279999999999
2017-08-01,SLV,504.46
2017-09-01,SLV,448.024
2017-10-01,SLV,432.032
2017-11-01,SLV,416.009
2017-12-01,SLV,383.487
2018-01-01,SLV,349.817
2018-02-01,SLV,370.392
2018-03-01,SLV,380.015
2018-04-01,SLV,374.53
2018-05-01,SLV,439.66
2018-06-01,SLV,450.34200000000004
2018-07-01,SLV,418.20700000000005
2018-08-01,SLV,454.118
2018-09-01,SLV,444.65199999999993
2018-10-01,SLV,503.912
2018-11-01,SLV,503.515
2018-12-01,SLV,514.633
2019-01-01,SLV,459.61400000000003
2019-02-01,SLV,430.376
2019-03-01,SLV,446.84499999999997
2019-04-01,SLV,441.15000000000003
2019-05-01,SLV,495.84599999999995
2019-06-01,SLV,459.12300000000005
2019-07-01,SLV,412.84799999999996
2019-08-01,SLV,486.022
2019-09-01,SLV,461.477
2019-10-01,SLV,447.89399999999995
2019-11-01,SLV,452.38300000000004
2019-12-01,SLV,393.911
2020-01-01,SLV,402.853
2020-02-01,SLV,479.01
2020-03-01,SLV,825.433
2020-04-01,SLV,966.7350000000001
2020-05-01,SLV,943.329
2020-06-01,SLV,832.398
2020-07-01,SLV,802.552
2020-08-01,SLV,744.691
2020-09-01,SLV,851.544
2020-10-01,SLV,944.134
2020-11-01,SLV,825.136
2020-12-01,SLV,731.5540000000001
2021-01-01,SLV,661.966
2021-02-01,SLV,624.931
2021-03-01,SLV,595.157
2021-04-01,SLV,538.272
2021-05-01,SLV,595.1139999999999
2021-06-01,SLV,720.655
2021-07-01,SLV,800.619
2021-08-01,SLV,815.382
2021-09-01,SLV,1051.502
2021-10-01,SLV,1007.489
2021-11-01,SLV,1314.731
2021-12-01,SLV,1490.8709999999999
2022-01-01,SLV,1571.183
2022-02-01,SLV,1609.5099999999998
2022-03-01,SLV,1773.512
2022-04-01,SLV,2200.547
2022-05-01,SLV,2288.7019999999998
2022-06-01,SLV,2703.821
2022-07-01,SLV,2428.009
2022-08-01,SLV,2300.689
2022-09-01,SLV,2255.5029999999997
2022-10-01,SLV,2071.668
2022-11-01,SLV,1960.4109999999998
2022-12-01,SLV,1839.44
2023-01-01,SLV,1481.593
2023-02-01,SLV,1512.886
2023-03-01,SLV,1521.353
2023-04-01,SLV,1366.681
2023-05-01,SLV,1305.715
2023-06-01,SLV,1100.106
2023-07-01,SLV,934.526
2023-08-01,SLV,791.662
2023-09-01,SLV,736.848
2023-10-01,SLV,739.206
2023-11-01,SLV,709.822
2023-12-01,SLV,683.922
2024-01-01,SLV,663.735
2024-02-01,SLV,691.255
2024-03-01,SLV,677.637
2024-04-01,SLV,703.225
2024-05-01,SLV,746.529
2024-06-01,SLV,750.938
2024-07-01,SLV,727.903
2024-08-01,SLV,674.917
2024-09-01,SLV,569.226
2024-10-01,SLV,522.793
2024-11-01,SLV,433.012
2024-12-01,SLV,388.18800000000005
2025-01-01,SLV,381.215
2025-02-01,SLV,411.19500000000005
2025-03-01,SLV,464.318
2025-04-01,SLV,469.839
2025-05-01,SLV,430.51399999999995
2025-06-01,SLV,413.32899999999995
2025-07-01,SLV,417.943
2025-08-01,SLV,399.749
2025-09-01,SLV,375.741
2025-10-01,SLV,348.243
2025-11-01,SLV,356.96500000000003
2025-12-01,SLV,326.14
2026-01-01,SLV,318.074
2026-02-01,SLV,350.86
2026-03-01,SLV,384.858
2026-04-01,SLV,311.257
2007-10-01,URY,191.47400000000002
2007-11-01,URY,244.148
2007-12-01,URY,242.65599999999998
2008-01-01,URY,292.687
2008-02-01,URY,321.367
2008-03-01,URY,342.555
2008-04-01,URY,274.659
2008-05-01,URY,252.143
2008-06-01,URY,294.318
2008-07-01,URY,313.658
2008-08-01,URY,319.365
2008-09-01,URY,412.477
2008-10-01,URY,833.7339999999999
2008-11-01,URY,774.8910000000001
2008-12-01,URY,685.446
2009-01-01,URY,612.5219999999999
2009-02-01,URY,586.928
2009-03-01,URY,636.0319999999999
2009-04-01,URY,524.889
2009-05-01,URY,372.351
2009-06-01,URY,383.377
2009-07-01,URY,347.971
2009-08-01,URY,352.184
2009-09-01,URY,320.745
2009-10-01,URY,300.556
2009-11-01,URY,273.108
2009-12-01,URY,238.44
2010-01-01,URY,266.21700000000004
2010-02-01,URY,262.84499999999997
2010-03-01,URY,191.144
2010-04-01,URY,205.388
2010-05-01,URY,261.253
2010-06-01,URY,259.977
2010-07-01,URY,220.31900000000002
2010-08-01,URY,218.891
2010-09-01,URY,213.88500000000002
2010-10-01,URY,151.309
2010-11-01,URY,184.879
2010-12-01,URY,188.836
2011-01-01,URY,177.452
2011-02-01,URY,191.94899999999998
2011-03-01,URY,177.09699999999998
2011-04-01,URY,183.291
2011-05-01,URY,188.249
2011-06-01,URY,151.695
2011-07-01,URY,171.386
2011-08-01,URY,207.031
2011-09-01,URY,312.133
2011-10-01,URY,216.44299999999998
2011-11-01,URY,222.032
2011-12-01,URY,213.813
2012-01-01,URY,221.56600000000003
2012-02-01,URY,206.2
2012-03-01,URY,172.749
2012-04-01,URY,189.994
2012-05-01,URY,251.227
2012-06-01,URY,197.02599999999998
2012-07-01,URY,172.46200000000002
2012-08-01,URY,157.78
2012-09-01,URY,138.851
2012-10-01,URY,135.661
2012-11-01,URY,140.459
2012-12-01,URY,127.45100000000001
2013-01-01,URY,132.485
2013-02-01,URY,164.12199999999999
2013-03-01,URY,173.38899999999998
2013-04-01,URY,153.011
2013-05-01,URY,172.50799999999998
2013-06-01,URY,235.283
2013-07-01,URY,184.911
2013-08-01,URY,241.52499999999998
2013-09-01,URY,200.12300000000002
2013-10-01,URY,190.451
2013-11-01,URY,219.69599999999997
2013-12-01,URY,193.50400000000002
2014-01-01,URY,238.824
2014-02-01,URY,217.22199999999998
2014-03-01,URY,192.067
2014-04-01,URY,187.178
2014-05-01,URY,167.45600000000002
2014-06-01,URY,169.325
2014-07-01,URY,176.695
2014-08-01,URY,169.084
2014-09-01,URY,195.941
2014-10-01,URY,193.099
2014-11-01,URY,197.984
2014-12-01,URY,207.60399999999998
2015-01-01,URY,218.04199999999997
2015-02-01,URY,210.771
2015-03-01,URY,213.527
2015-04-01,URY,210.12900000000002
2015-05-01,URY,206.772
2015-06-01,URY,212.81500000000003
2015-07-01,URY,226.526
2015-08-01,URY,256.873
2015-09-01,URY,304.692
2015-10-01,URY,273.542
2015-11-01,URY,266.454
2015-12-01,URY,280.145
2016-01-01,URY,317.37600000000003
2016-02-01,URY,309.443
2016-03-01,URY,279.434
2016-04-01,URY,267.706
2016-05-01,URY,270.768
2016-06-01,URY,270.16900000000004
2016-07-01,URY,261.904
2016-08-01,URY,228.545
2016-09-01,URY,232.477
2016-10-01,URY,230.167
2016-11-01,URY,252.47700000000003
2016-12-01,URY,244.334
2017-01-01,URY,225.41400000000002
2017-02-01,URY,226.752
2017-03-01,URY,209.383
2017-04-01,URY,203.84799999999998
2017-05-01,URY,205.20100000000002
2017-06-01,URY,192.67600000000002
2017-07-01,URY,181.934
2017-08-01,URY,180.811
2017-09-01,URY,164.773
2017-10-01,URY,153.997
2017-11-01,URY,145.305
2017-12-01,URY,145.539
2018-01-01,URY,135.651
2018-02-01,URY,145.85
2018-03-01,URY,168.333
2018-04-01,URY,185.37
2018-05-01,URY,196.992
2018-06-01,URY,200.093
2018-07-01,URY,168.965
2018-08-01,URY,174.474
2018-09-01,URY,155.839
2018-10-01,URY,184.649
2018-11-01,URY,202.37400000000002
2018-12-01,URY,206.89700000000002
2019-01-01,URY,178.865
2019-02-01,URY,167.38299999999998
2019-03-01,URY,170.31799999999998
2019-04-01,URY,170.803
2019-05-01,URY,193.90099999999998
2019-06-01,URY,171.798
2019-07-01,URY,159.358
2019-08-01,URY,169.434
2019-09-01,URY,176.547
2019-10-01,URY,173.34199999999998
2019-11-01,URY,168.749
2019-12-01,URY,148.477
2020-01-01,URY,159.411
2020-02-01,URY,195.583
2020-03-01,URY,297.588
2020-04-01,URY,301.274
2020-05-01,URY,243.019
2020-06-01,URY,215.15399999999997
2020-07-01,URY,183.49
2020-08-01,URY,169.55700000000002
2020-09-01,URY,185.958
2020-10-01,URY,164.93800000000002
2020-11-01,URY,156.679
2020-12-01,URY,134.893
2021-01-01,URY,135.461
2021-02-01,URY,150.087
2021-03-01,URY,124.79199999999999
2021-04-01,URY,130.379
2021-05-01,URY,127.299
2021-06-01,URY,128.808
2021-07-01,URY,147.934
2021-08-01,URY,131.507
2021-09-01,URY,139.616
2021-10-01,URY,137.611
2021-11-01,URY,150.363
2021-12-01,URY,127.27900000000001
2022-01-01,URY,139.574
2022-02-01,URY,160.696
2022-03-01,URY,127.10600000000001
2022-04-01,URY,150.859
2022-05-01,URY,136.50199999999998
2022-06-01,URY,162.203
2022-07-01,URY,141.05
2022-08-01,URY,131.914
2022-09-01,URY,157.821
2022-10-01,URY,140.745
2022-11-01,URY,105.87299999999999
2022-12-01,URY,91.298
2023-01-01,URY,111.002
2023-02-01,URY,102.63199999999999
2023-03-01,URY,118.849
2023-04-01,URY,104.52600000000001
2023-05-01,URY,110.648
2023-06-01,URY,98.955
2023-07-01,URY,89.415
2023-08-01,URY,87.992
2023-09-01,URY,97.707
2023-10-01,URY,85.641
2023-11-01,URY,84.353
2023-12-01,URY,84.978
2024-01-01,URY,97.129
2024-02-01,URY,85.464
2024-03-01,URY,82.05
2024-04-01,URY,80.061
2024-05-01,URY,77.713
2024-06-01,URY,79.824
2024-07-01,URY,88.521
2024-08-01,URY,78.733
2024-09-01,URY,89.767
2024-10-01,URY,84.964
2024-11-01,URY,92.014
2024-12-01,URY,84.321
2025-01-01,URY,92.354
2025-02-01,URY,102.245
2025-03-01,URY,101.169
2025-04-01,URY,102.349
2025-05-01,URY,91.313
2025-06-01,URY,86.14500000000001
2025-07-01,URY,78.084
2025-08-01,URY,74.411
2025-09-01,URY,69.623
2025-10-01,URY,65.509
2025-11-01,URY,74.925
2025-12-01,URY,67.719
2026-01-01,URY,69.548
2026-02-01,URY,76.99000000000001
2026-03-01,URY,78.345
2026-04-01,URY,64.084
