date,type,country,kappa_country,strength,degree
2009-10-01,corr,ARG,0.9816336284032763,7.835987460561743,10
2010-01-01,corr,ARG,0.981501941710605,7.829570077566965,10
2010-04-01,corr,ARG,0.981815945743483,7.825063593351946,10
2010-07-01,corr,ARG,0.9830724097055821,7.917664700169216,10
2010-10-01,corr,ARG,0.9825799218760733,7.829035154055366,10
2011-01-01,corr,ARG,0.8947163936701306,5.498601774364327,9
2011-04-01,corr,ARG,0.8960419900967237,6.550631736180523,10
2011-07-01,corr,ARG,0.9377486335699539,7.241271578238751,10
2011-10-01,corr,ARG,0.9796702536328316,7.438895407507396,9
2012-01-01,corr,ARG,0.9880019710572204,7.629417937144908,9
2012-04-01,corr,ARG,0.9834049179498034,7.232357088617601,9
2012-07-01,corr,ARG,0.9848492537249549,7.442423461849102,9
2012-10-01,corr,ARG,0.9709438428570893,7.7374374031126525,10
2013-01-01,corr,ARG,0.9503154079309837,6.890877196304601,10
2013-04-01,corr,ARG,0.9108322677185099,6.838202956029476,10
2013-07-01,corr,ARG,0.9233104998274977,6.431910641038713,10
2013-10-01,corr,ARG,0.8740771556794429,4.923583293212428,8
2014-01-01,corr,ARG,0.891809596966034,3.997384824101446,8
2014-04-01,corr,ARG,0.9114132916136622,5.069070236226032,8
2014-07-01,corr,ARG,0.8524397033682407,3.490396741433585,7
2014-10-01,corr,ARG,0.8525226333039102,2.139772782916983,5
2015-01-01,corr,ARG,0.8521606891271084,3.2992385562988495,7
2015-04-01,corr,ARG,0.8868572768655948,3.806769324216285,8
2015-07-01,corr,ARG,0.8822414726861821,3.4357581500702365,7
2015-10-01,corr,ARG,0.8632395563565196,1.7226260891212217,4
2016-01-01,corr,ARG,0.905212213900597,4.0035588412333025,8
2016-04-01,corr,ARG,,0.0,0
2016-07-01,corr,ARG,,0.0,0
2016-10-01,corr,ARG,0.8908863499315062,1.3912587254735551,3
2017-01-01,corr,ARG,0.8749779588457784,2.334760382208284,5
2017-04-01,corr,ARG,,0.0,0
2017-07-01,corr,ARG,,0.0,0
2017-10-01,corr,ARG,0.7979973385027492,0.4101241486009315,1
2018-01-01,corr,ARG,,0.0,0
2018-04-01,corr,ARG,,0.0,0
2018-07-01,corr,ARG,0.9175029989755745,4.016158114403691,8
2018-10-01,corr,ARG,0.9436775556604069,5.314858733917062,10
2019-01-01,corr,ARG,0.9321177909678953,4.830571885134581,9
2019-04-01,corr,ARG,0.9688957302895711,5.954327114967999,10
2019-07-01,corr,ARG,0.9573388290201051,5.094182978280035,9
2019-10-01,corr,ARG,0.8066477541794373,1.3742636444235892,3
2020-01-01,corr,ARG,0.7957535441564211,1.4768153637757504,3
2020-04-01,corr,ARG,0.9711133834363507,6.4982320699014,10
2020-07-01,corr,ARG,0.9702514694839683,6.737389754446197,10
2020-10-01,corr,ARG,0.9668625184149384,6.265609916961284,10
2021-01-01,corr,ARG,0.965706631800853,6.160003908563794,10
2021-04-01,corr,ARG,0.9645053061575564,6.087387947332006,10
2021-07-01,corr,ARG,0.9640600887675367,6.117072204146132,10
2021-10-01,corr,ARG,0.9788778795273047,7.47540245773636,10
2022-01-01,corr,ARG,0.9783809311808422,7.433135189997947,10
2022-04-01,corr,ARG,0.7795758135284533,1.766169579966339,3
2022-07-01,corr,ARG,0.6808607164795185,1.725989366271846,3
2022-10-01,corr,ARG,0.8959545807052992,5.512020119740854,9
2023-01-01,corr,ARG,0.9406387629756287,6.909842174601635,10
2023-04-01,corr,ARG,0.9085193201255397,6.324757851127195,10
2023-07-01,corr,ARG,0.8983278223575679,5.753082039442754,10
2023-10-01,corr,ARG,0.9388519610459637,5.256928437096029,9
2024-01-01,corr,ARG,0.9413484959540133,4.758615837487096,9
2024-04-01,corr,ARG,0.9594491018024094,4.900574785968055,9
2024-07-01,corr,ARG,0.9109643025230933,2.9111817637804682,5
2024-10-01,corr,ARG,0.9399953963567843,3.1999495284070085,6
2025-01-01,corr,ARG,0.8899564175578194,2.086495543802381,4
2025-04-01,corr,ARG,0.9183825307134004,2.6333081999030004,5
2025-07-01,corr,ARG,0.8235332529457796,1.8062790807089506,4
2025-10-01,corr,ARG,,0.0,0
2026-01-01,corr,ARG,,0.0,0
2026-04-01,corr,ARG,,0.0,0
2009-10-01,corr,BRA,0.984670524021743,7.72273794514124,10
2010-01-01,corr,BRA,0.9846131585251872,7.746214196211502,10
2010-04-01,corr,BRA,0.9851786391553489,7.711861555576227,10
2010-07-01,corr,BRA,0.9858143421857062,7.873010657224002,10
2010-10-01,corr,BRA,0.9860918679199978,7.854190127656478,10
2011-01-01,corr,BRA,0.9760938685606717,6.188304457583687,8
2011-04-01,corr,BRA,0.9584332739834789,7.296896369064521,9
2011-07-01,corr,BRA,0.9631320136568594,7.108971574611266,9
2011-10-01,corr,BRA,0.9831091416973147,7.7809780669167665,9
2012-01-01,corr,BRA,0.9905575223125785,7.838813363785002,9
2012-04-01,corr,BRA,0.9894087008037081,7.884502894265444,9
2012-07-01,corr,BRA,0.9907922438063298,8.073487249918434,9
2012-10-01,corr,BRA,0.9757618348324566,8.495801330205925,10
2013-01-01,corr,BRA,0.9549110092184107,8.327937771965583,10
2013-04-01,corr,BRA,0.9843687989728522,7.904801575630851,9
2013-07-01,corr,BRA,0.9782399881999607,7.878804254403823,9
2013-10-01,corr,BRA,0.95206487234149,7.2500135584498295,9
2014-01-01,corr,BRA,0.9568093453640889,7.552734687946103,10
2014-04-01,corr,BRA,0.9654306664950119,8.018365459006205,10
2014-07-01,corr,BRA,0.931000046124663,7.47411180752796,10
2014-10-01,corr,BRA,0.9022209261331626,7.0413432151978395,9
2015-01-01,corr,BRA,0.935744584043096,7.536295240485116,10
2015-04-01,corr,BRA,0.9465884897089669,7.124713051873365,10
2015-07-01,corr,BRA,0.9262530229641999,6.57848790472405,9
2015-10-01,corr,BRA,0.9510158707306248,6.83424904399246,9
2016-01-01,corr,BRA,0.9365019502100773,6.747324266086959,9
2016-04-01,corr,BRA,0.9736153003211743,6.262905382911586,9
2016-07-01,corr,BRA,0.9727815828918188,6.217660782027407,9
2016-10-01,corr,BRA,0.9590365103992493,6.0860546329333305,9
2017-01-01,corr,BRA,0.9443564296985518,6.011507249586041,9
2017-04-01,corr,BRA,0.9734505853467034,6.156635127298365,9
2017-07-01,corr,BRA,0.9730669152511662,6.10236265953269,9
2017-10-01,corr,BRA,0.919146218792185,5.044487583796048,8
2018-01-01,corr,BRA,0.9265669699704997,4.7800876771901,8
2018-04-01,corr,BRA,0.9144998126621319,4.519614618258123,7
2018-07-01,corr,BRA,0.9289438251214008,5.7831153644647,9
2018-10-01,corr,BRA,0.9485716483932602,6.64796887008796,10
2019-01-01,corr,BRA,0.933438827251295,4.792791206705521,8
2019-04-01,corr,BRA,0.9598244983334029,5.35220619536303,9
2019-07-01,corr,BRA,0.9630529520104351,5.609043909480101,9
2019-10-01,corr,BRA,0.907060441107397,5.335079081978148,9
2020-01-01,corr,BRA,0.9081927039223365,5.291320458893756,9
2020-04-01,corr,BRA,0.9798112439617215,7.752593413938777,10
2020-07-01,corr,BRA,0.9799868532625844,7.7437747675196364,10
2020-10-01,corr,BRA,0.9863231247438297,8.271245750656991,10
2021-01-01,corr,BRA,0.988618853817063,8.504393502166243,10
2021-04-01,corr,BRA,0.987489924032271,8.42183673940192,10
2021-07-01,corr,BRA,0.9867758361851786,8.345006377555562,10
2021-10-01,corr,BRA,0.9879723025116517,8.454097328263114,10
2022-01-01,corr,BRA,0.9843810932921168,8.064890865510446,10
2022-04-01,corr,BRA,0.9203567381870074,4.774057400315418,7
2022-07-01,corr,BRA,0.9420508786500019,5.714482582983165,8
2022-10-01,corr,BRA,0.936146608465029,6.027113446295349,9
2023-01-01,corr,BRA,0.9397341903420645,5.913084291793279,9
2023-04-01,corr,BRA,0.9325313840327151,5.904605540170008,9
2023-07-01,corr,BRA,0.9393881536264198,5.951423477948049,9
2023-10-01,corr,BRA,0.946402474076311,5.931239685493127,9
2024-01-01,corr,BRA,0.9531049706428902,5.9844616194106655,9
2024-04-01,corr,BRA,0.9729014321880363,5.848737157101445,9
2024-07-01,corr,BRA,0.8742529900720625,3.814000136133898,7
2024-10-01,corr,BRA,0.9525977008323822,4.398133724184877,8
2025-01-01,corr,BRA,0.8818192703886432,2.957446064197172,6
2025-04-01,corr,BRA,0.8731745923018945,2.4601784376943114,5
2025-07-01,corr,BRA,0.8426722946660123,2.7556997236521577,6
2025-10-01,corr,BRA,0.8769861187960398,2.299232330287529,5
2026-01-01,corr,BRA,0.9326809126190581,3.507673557268392,7
2026-04-01,corr,BRA,0.872980867715741,1.9882625788186246,4
2009-10-01,corr,CHL,0.9652179813866718,5.809745069538828,10
2010-01-01,corr,CHL,0.9652464565826506,5.812953159951502,10
2010-04-01,corr,CHL,0.9652926648637334,5.774947681184691,10
2010-07-01,corr,CHL,0.9659503958120336,5.8133023307897185,10
2010-10-01,corr,CHL,0.9651616981316055,5.574816043732057,10
2011-01-01,corr,CHL,,0.0,0
2011-04-01,corr,CHL,0.9128686646261468,3.049449226030643,5
2011-07-01,corr,CHL,0.9391064527092108,5.2844342334587,9
2011-10-01,corr,CHL,0.9645278351806869,6.245675564158378,9
2012-01-01,corr,CHL,0.9731264377702613,6.3568991701683055,9
2012-04-01,corr,CHL,0.9715025041039902,6.364798947706517,9
2012-07-01,corr,CHL,0.978834412294073,6.975680224940047,9
2012-10-01,corr,CHL,0.9667821675672178,7.459905001218202,10
2013-01-01,corr,CHL,0.9478244325388984,7.498211664402237,10
2013-04-01,corr,CHL,0.9767640055229949,7.285854100131736,9
2013-07-01,corr,CHL,0.9729555327467901,7.432655915011436,9
2013-10-01,corr,CHL,0.9517718658686937,7.318997265847669,9
2014-01-01,corr,CHL,0.9573903836046924,7.638463303869733,10
2014-04-01,corr,CHL,0.9665160559811415,8.04892150687856,10
2014-07-01,corr,CHL,0.9377102049370897,7.203699753090252,9
2014-10-01,corr,CHL,0.9316228433975565,7.230634097042423,9
2015-01-01,corr,CHL,0.9360582708267483,7.579076100257506,10
2015-04-01,corr,CHL,0.9494862781546747,7.377758011210215,10
2015-07-01,corr,CHL,0.944975417667141,7.281992454203493,10
2015-10-01,corr,CHL,0.9576641062592041,7.173547722481628,9
2016-01-01,corr,CHL,0.9662850400446696,7.62350627371759,10
2016-04-01,corr,CHL,0.9869624031126263,7.279103403094556,9
2016-07-01,corr,CHL,0.9863734984358747,7.235346051199133,9
2016-10-01,corr,CHL,0.9703308471234737,6.854032851359903,9
2017-01-01,corr,CHL,0.9534140614406348,6.7129155881237175,9
2017-04-01,corr,CHL,0.9808536563074592,6.665109308550603,9
2017-07-01,corr,CHL,0.9805826289550466,6.617189902174484,9
2017-10-01,corr,CHL,0.9556853857018963,5.804807866389386,9
2018-01-01,corr,CHL,0.9495496740268092,5.306177230608366,9
2018-04-01,corr,CHL,0.7854087424655419,3.244902507941312,7
2018-07-01,corr,CHL,0.7791876416472295,2.9603329354701984,6
2018-10-01,corr,CHL,0.9278271207360369,5.52472590129392,9
2019-01-01,corr,CHL,0.939214790300078,6.3652225153520465,9
2019-04-01,corr,CHL,0.9801232955214829,7.423058306198913,10
2019-07-01,corr,CHL,0.9796562582831628,7.660315700498106,10
2019-10-01,corr,CHL,0.9643110535856678,7.297650471205545,9
2020-01-01,corr,CHL,0.9664321472900735,7.442694575072823,9
2020-04-01,corr,CHL,0.9937753706961727,9.188780045581883,10
2020-07-01,corr,CHL,0.992302999265787,8.954041271920994,10
2020-10-01,corr,CHL,0.991267964544674,8.849491299024724,10
2021-01-01,corr,CHL,0.9910376499839669,8.813998494621408,10
2021-04-01,corr,CHL,0.9900813876985997,8.727838905895727,10
2021-07-01,corr,CHL,0.9891723925252469,8.66661367828327,10
2021-10-01,corr,CHL,0.9902279506769828,8.807234886385519,10
2022-01-01,corr,CHL,0.9887373547442717,8.648355774465424,10
2022-04-01,corr,CHL,0.9025840966443204,6.107729132718329,8
2022-07-01,corr,CHL,0.9506134707090856,6.298933802529877,8
2022-10-01,corr,CHL,0.9555133475293395,6.006614008710743,8
2023-01-01,corr,CHL,0.9509075706522141,6.6429983908886925,9
2023-04-01,corr,CHL,0.9498436692986723,6.195401363233626,8
2023-07-01,corr,CHL,0.941606035092664,6.162480958307249,8
2023-10-01,corr,CHL,0.9446795746768127,6.168332055719214,8
2024-01-01,corr,CHL,0.9523874810578652,6.028735031179518,8
2024-04-01,corr,CHL,0.9736020366286182,6.4185685003802035,9
2024-07-01,corr,CHL,0.943157822473264,5.147057191610795,8
2024-10-01,corr,CHL,0.9613694819453249,5.350155239467404,8
2025-01-01,corr,CHL,0.8966314608196614,3.922055057131663,7
2025-04-01,corr,CHL,0.8795040316604189,3.8570444311735255,7
2025-07-01,corr,CHL,0.8578716213141815,4.410228253476865,8
2025-10-01,corr,CHL,0.9060467037486298,3.4440509521974394,6
2026-01-01,corr,CHL,0.9580149031633994,4.523733207690833,7
2026-04-01,corr,CHL,0.9198439708717445,3.8916879241064315,6
2009-10-01,corr,COL,0.9866980518105383,8.082993622947066,10
2010-01-01,corr,COL,0.9867087124816749,8.068055250670193,10
2010-04-01,corr,COL,0.9867904527222862,8.071495905539736,10
2010-07-01,corr,COL,0.9872586370323091,8.14446313503655,10
2010-10-01,corr,COL,0.9871419033973672,8.072341026714808,10
2011-01-01,corr,COL,0.9765336155023777,5.989541914661283,8
2011-04-01,corr,COL,0.9598356092794187,6.54012954140747,8
2011-07-01,corr,COL,0.9625301090683074,6.991400120480643,9
2011-10-01,corr,COL,0.9822544792405211,7.546085932929831,9
2012-01-01,corr,COL,0.9901409849263142,7.7053624724113305,9
2012-04-01,corr,COL,0.9889656319916921,7.706397486052609,9
2012-07-01,corr,COL,0.990320744121317,7.863274526725309,9
2012-10-01,corr,COL,0.9754108601611191,8.217673226490685,10
2013-01-01,corr,COL,0.9608241635511828,7.767298070279521,9
2013-04-01,corr,COL,0.9837907885505958,7.7567801679316135,9
2013-07-01,corr,COL,0.9775578255074352,7.697145247417205,9
2013-10-01,corr,COL,0.9523590436048937,7.133343651104244,9
2014-01-01,corr,COL,0.9573412486035539,7.3999746657238825,10
2014-04-01,corr,COL,0.9655631814349108,7.927859608619633,10
2014-07-01,corr,COL,0.9379482116664032,7.00161659694876,9
2014-10-01,corr,COL,0.9304405212696327,7.032154415463075,9
2015-01-01,corr,COL,0.9358367193708401,7.490282492978172,10
2015-04-01,corr,COL,0.9524144591906488,7.836554699551232,10
2015-07-01,corr,COL,0.9487843069376674,8.010061897551568,10
2015-10-01,corr,COL,0.9401768140496538,8.244994252746517,10
2016-01-01,corr,COL,0.971363916114097,8.376441993041286,10
2016-04-01,corr,COL,0.9901665699629183,7.809483846884275,9
2016-07-01,corr,COL,0.9876661067560578,7.5674792267024,9
2016-10-01,corr,COL,0.9731038262308276,7.083051398202768,9
2017-01-01,corr,COL,0.9493742629610905,7.417784105687376,10
2017-04-01,corr,COL,0.9855510703062023,6.859395291984437,9
2017-07-01,corr,COL,0.9853483056725195,6.8560351010809075,9
2017-10-01,corr,COL,0.9660331689546937,6.46611700583526,9
2018-01-01,corr,COL,0.9409484378419629,5.807737222822679,8
2018-04-01,corr,COL,0.8989892172494393,3.7703948573666355,6
2018-07-01,corr,COL,0.9140430834767729,4.5585639385032515,7
2018-10-01,corr,COL,0.9463759845974621,6.130555536918033,9
2019-01-01,corr,COL,0.9439698783824311,6.988738201199979,10
2019-04-01,corr,COL,0.9814017955787063,7.483666596834141,10
2019-07-01,corr,COL,0.9788008566432136,7.673160947215861,10
2019-10-01,corr,COL,0.9640313842711284,7.036851481521918,9
2020-01-01,corr,COL,0.9638995449608451,7.099676086617048,9
2020-04-01,corr,COL,0.9932093712826198,9.10561607489141,10
2020-07-01,corr,COL,0.9923649104576917,8.890533384770745,10
2020-10-01,corr,COL,0.9912161318445118,8.781702233041784,10
2021-01-01,corr,COL,0.990645654541477,8.751958699012215,10
2021-04-01,corr,COL,0.9899282502887893,8.690361651137039,10
2021-07-01,corr,COL,0.989087944785247,8.607907540252919,10
2021-10-01,corr,COL,0.9897885181560688,8.795104448279185,10
2022-01-01,corr,COL,0.9882040795132154,8.617477005007306,10
2022-04-01,corr,COL,0.9025482226980592,6.156223951963314,8
2022-07-01,corr,COL,0.8926693514446435,6.690476622899218,9
2022-10-01,corr,COL,0.9438432026022636,6.727467157704469,9
2023-01-01,corr,COL,0.9347628320019699,7.232958850655466,10
2023-04-01,corr,COL,0.938529838592392,6.370446161337699,9
2023-07-01,corr,COL,0.941381658457823,6.266603907482271,9
2023-10-01,corr,COL,0.945575727578995,6.227403993341939,9
2024-01-01,corr,COL,0.9489569246746465,6.122763777065119,9
2024-04-01,corr,COL,0.9682764160722191,6.07788973670329,9
2024-07-01,corr,COL,0.9257187549366459,4.3094612882512715,8
2024-10-01,corr,COL,0.9326096656386755,3.0634884801093576,6
2025-01-01,corr,COL,0.8738015140050512,1.843885363407613,4
2025-04-01,corr,COL,0.9167302765109102,2.7597443451332415,5
2025-07-01,corr,COL,0.8787228488502787,3.677801373869952,6
2025-10-01,corr,COL,0.9123231808226606,3.6744249528381325,6
2026-01-01,corr,COL,0.9580822257110595,4.58455283596242,7
2026-04-01,corr,COL,0.9087987791410129,3.828114928200454,6
2009-10-01,corr,DOM,0.9861124895212467,7.891369824765426,10
2010-01-01,corr,DOM,0.9862357198654687,7.9207633165206515,10
2010-04-01,corr,DOM,0.9859739136080737,7.867838316861827,10
2010-07-01,corr,DOM,0.9860884832800283,7.9121038666463654,10
2010-10-01,corr,DOM,0.9861850334300959,7.888193863066431,10
2011-01-01,corr,DOM,0.9567317079384741,4.681038036014159,8
2011-04-01,corr,DOM,0.9390258643690937,5.087874900471158,8
2011-07-01,corr,DOM,0.9350186821762227,4.705581788697813,9
2011-10-01,corr,DOM,0.968980031151967,6.632531824580089,9
2012-01-01,corr,DOM,0.9770665436182586,6.634612713992448,9
2012-04-01,corr,DOM,0.9731659558856953,6.507827602384507,9
2012-07-01,corr,DOM,0.9705848764144288,6.334195936789494,9
2012-10-01,corr,DOM,0.9365558803111149,6.339405047097462,9
2013-01-01,corr,DOM,0.9481134444776499,6.039223920820214,9
2013-04-01,corr,DOM,0.9669543811350212,6.229675632997242,9
2013-07-01,corr,DOM,0.96161097306259,6.33315871618657,9
2013-10-01,corr,DOM,0.9205250568331651,4.517534062482241,8
2014-01-01,corr,DOM,0.8798774550572805,4.529401505332583,8
2014-04-01,corr,DOM,0.9075864518981145,5.021370364979722,8
2014-07-01,corr,DOM,0.8969761832014305,4.756341443017942,8
2014-10-01,corr,DOM,0.9095813571426178,5.139140598972111,8
2015-01-01,corr,DOM,0.9106108871278144,5.618074514384422,9
2015-04-01,corr,DOM,0.9163006570907472,6.069534167966761,9
2015-07-01,corr,DOM,0.9241411423321062,6.223803417916859,9
2015-10-01,corr,DOM,0.9540711819796298,7.01536111414714,9
2016-01-01,corr,DOM,0.9651971412199352,7.694318539257039,10
2016-04-01,corr,DOM,0.9846037695150623,7.276951434046834,9
2016-07-01,corr,DOM,0.9835858884089583,7.231040568605228,9
2016-10-01,corr,DOM,0.9463510175326807,7.647025084509894,10
2017-01-01,corr,DOM,0.9528436137117099,7.530485326645866,10
2017-04-01,corr,DOM,0.9852786403897977,6.811045265409631,9
2017-07-01,corr,DOM,0.9855759313257073,6.8263925712162115,9
2017-10-01,corr,DOM,0.9650401882213286,6.456728309174917,9
2018-01-01,corr,DOM,0.9616598150130193,6.255787421529604,9
2018-04-01,corr,DOM,0.9174776477754347,4.481311127740627,7
2018-07-01,corr,DOM,0.930780203788476,5.951552829369248,9
2018-10-01,corr,DOM,0.930451557088426,5.60501410172251,8
2019-01-01,corr,DOM,0.94231659429957,6.663551974600542,9
2019-04-01,corr,DOM,0.9837741272521884,7.7244222541338,10
2019-07-01,corr,DOM,0.9805595567834402,7.905711790551222,10
2019-10-01,corr,DOM,0.925775916856811,7.804489629617627,10
2020-01-01,corr,DOM,0.9261037313354492,7.742395020885008,10
2020-04-01,corr,DOM,0.9930376177140829,9.158481019084029,10
2020-07-01,corr,DOM,0.9914939307397432,8.927124920890435,10
2020-10-01,corr,DOM,0.9908046478914658,8.819417753409219,10
2021-01-01,corr,DOM,0.9900638860983693,8.733558501492466,10
2021-04-01,corr,DOM,0.9892948722948859,8.664006520226279,10
2021-07-01,corr,DOM,0.9886627910064834,8.630716398417597,10
2021-10-01,corr,DOM,0.9891260779266202,8.67533454748572,10
2022-01-01,corr,DOM,0.9880341881902008,8.56560419675221,10
2022-04-01,corr,DOM,0.8394184828843541,6.295269448324053,9
2022-07-01,corr,DOM,0.8966483405997115,6.878698566757438,9
2022-10-01,corr,DOM,0.9467589508147045,6.973420806216721,9
2023-01-01,corr,DOM,0.9393700883790979,7.659310537116542,10
2023-04-01,corr,DOM,0.9455585321753129,7.060448132992108,9
2023-07-01,corr,DOM,0.9513255019576852,7.064012438919606,9
2023-10-01,corr,DOM,0.9564931269425903,7.098329510795415,9
2024-01-01,corr,DOM,0.9599901719291536,6.910964484859527,9
2024-04-01,corr,DOM,0.9777064733747238,6.910919295083924,9
2024-07-01,corr,DOM,0.9483031992905889,5.74747608995209,8
2024-10-01,corr,DOM,0.9619552593385453,5.624242094593443,8
2025-01-01,corr,DOM,0.9134918486418037,4.403675605035445,7
2025-04-01,corr,DOM,0.9284341855300509,4.497936029883028,7
2025-07-01,corr,DOM,0.8866245683093703,4.471146393945885,7
2025-10-01,corr,DOM,0.9122357062560648,3.8671655505518,6
2026-01-01,corr,DOM,0.9625683994112274,4.797770842321618,7
2026-04-01,corr,DOM,0.8538715663646094,4.8760662192407,8
2009-10-01,corr,ECU,0.9654879262472675,5.878894696039243,10
2010-01-01,corr,ECU,0.9656052999284215,5.896243697730213,10
2010-04-01,corr,ECU,0.9653305021214853,5.863662252325874,10
2010-07-01,corr,ECU,0.9655963210999523,5.901860669987284,10
2010-10-01,corr,ECU,0.9653963267694673,5.843065763747133,10
2011-01-01,corr,ECU,0.6883153475608943,0.4446560301245872,1
2011-04-01,corr,ECU,0.7185776969226574,0.4923228227466576,1
2011-07-01,corr,ECU,0.8527624346582394,1.941281664352286,4
2011-10-01,corr,ECU,0.8090909771538164,0.43403538664757874,1
2012-01-01,corr,ECU,,0.0,0
2012-04-01,corr,ECU,,0.0,0
2012-07-01,corr,ECU,,0.0,0
2012-10-01,corr,ECU,0.9274866393087895,3.8263735909205323,8
2013-01-01,corr,ECU,0.9087422336405109,2.1864040159501648,5
2013-04-01,corr,ECU,0.7251498870779938,0.44972986714619945,1
2013-07-01,corr,ECU,0.8051134828435798,0.8704053948765811,2
2013-10-01,corr,ECU,0.8457757675425431,1.3225617021535205,3
2014-01-01,corr,ECU,0.9171968106737405,4.386135285545162,9
2014-04-01,corr,ECU,0.9303377489034508,5.235476403212197,9
2014-07-01,corr,ECU,0.8947702401705178,2.3939207313479502,5
2014-10-01,corr,ECU,0.8560941949499093,1.4044039650556355,3
2015-01-01,corr,ECU,0.8869648773751075,2.8012498763553055,6
2015-04-01,corr,ECU,0.8856789820286893,3.6453231031702016,7
2015-07-01,corr,ECU,0.8926053502594805,3.880600422100186,7
2015-10-01,corr,ECU,0.9315004226014231,5.023697615356869,9
2016-01-01,corr,ECU,0.9214913490765704,5.373994345506116,9
2016-04-01,corr,ECU,0.9752190983546632,6.435602257860003,9
2016-07-01,corr,ECU,0.9701177372992846,6.206934067888761,9
2016-10-01,corr,ECU,0.9568835693312288,5.9553405708191915,9
2017-01-01,corr,ECU,0.9427072435174387,5.956720313602446,9
2017-04-01,corr,ECU,0.9693808752554813,5.7943965514897995,9
2017-07-01,corr,ECU,0.9700252581600279,5.818487320359543,9
2017-10-01,corr,ECU,0.9484280447356708,5.4764997845698105,9
2018-01-01,corr,ECU,0.9417582646417865,5.0502006392631955,9
2018-04-01,corr,ECU,0.525332589946481,0.4008460103470489,1
2018-07-01,corr,ECU,0.6000369239753136,0.43278042691537244,1
2018-10-01,corr,ECU,0.8860696691243413,3.386477434643183,6
2019-01-01,corr,ECU,0.9303618006189263,4.909100642513877,8
2019-04-01,corr,ECU,0.9787009791476968,6.850366940932584,10
2019-07-01,corr,ECU,0.974662496578798,6.845646502327092,10
2019-10-01,corr,ECU,0.9512949585132103,6.084347651893928,9
2020-01-01,corr,ECU,0.9361824132140456,4.925465665818452,9
2020-04-01,corr,ECU,0.9897683189090853,8.664771211595035,10
2020-07-01,corr,ECU,0.9905457848601337,8.728230869105502,10
2020-10-01,corr,ECU,0.9798768945668768,7.5399896949300835,10
2021-01-01,corr,ECU,0.9782246435048038,7.38891841116299,10
2021-04-01,corr,ECU,0.9774371237362194,7.335254074414721,10
2021-07-01,corr,ECU,0.9766815938948493,7.345584724563958,10
2021-10-01,corr,ECU,0.977683152222513,7.489112816886409,10
2022-01-01,corr,ECU,0.9760391361598566,7.345561255514765,10
2022-04-01,corr,ECU,0.7145905580337277,1.179390107884278,2
2022-07-01,corr,ECU,0.597473474657127,0.8573911208847225,1
2022-10-01,corr,ECU,0.722472878757193,0.49928971193464683,1
2023-01-01,corr,ECU,0.8630890834567251,2.0393093493132435,4
2023-04-01,corr,ECU,0.7894406308501496,1.0467184020230083,2
2023-07-01,corr,ECU,0.7621468125477602,0.9383104675113094,2
2023-10-01,corr,ECU,0.8064107949878437,0.46231124251240413,1
2024-01-01,corr,ECU,0.8211001743267968,0.4125390495112046,1
2024-04-01,corr,ECU,0.8212939086241251,0.430517562775059,1
2024-07-01,corr,ECU,,0.0,0
2024-10-01,corr,ECU,,0.0,0
2025-01-01,corr,ECU,,0.0,0
2025-04-01,corr,ECU,,0.0,0
2025-07-01,corr,ECU,,0.0,0
2025-10-01,corr,ECU,,0.0,0
2026-01-01,corr,ECU,,0.0,0
2026-04-01,corr,ECU,,0.0,0
2009-10-01,corr,MEX,0.9821286627306296,7.38204948365489,10
2010-01-01,corr,MEX,0.9819209055542728,7.384818689504297,10
2010-04-01,corr,MEX,0.9820179486716238,7.389359699314689,10
2010-07-01,corr,MEX,0.9830301760245403,7.398907683983689,10
2010-10-01,corr,MEX,0.9834977878557355,7.276700764695585,10
2011-01-01,corr,MEX,0.9745416794490322,6.1471956137628325,8
2011-04-01,corr,MEX,0.9576373738363296,7.174393729444698,9
2011-07-01,corr,MEX,0.938234863877588,7.379424468347258,10
2011-10-01,corr,MEX,0.9831150655425349,7.793251968412913,9
2012-01-01,corr,MEX,0.9905851223705917,7.882837127341542,9
2012-04-01,corr,MEX,0.9895067749604513,7.85752755218504,9
2012-07-01,corr,MEX,0.9903558478230519,7.993536917721814,9
2012-10-01,corr,MEX,0.9754240131220934,8.387568973190286,10
2013-01-01,corr,MEX,0.9548908704719203,8.188805699130853,10
2013-04-01,corr,MEX,0.9836279660769753,7.740809687553762,9
2013-07-01,corr,MEX,0.97746287891218,7.725758895106469,9
2013-10-01,corr,MEX,0.916760314171347,7.6306852663197215,10
2014-01-01,corr,MEX,0.9577730496281325,7.567460461303749,10
2014-04-01,corr,MEX,0.9662234454914648,7.964218135046692,10
2014-07-01,corr,MEX,0.9385214739843375,7.026284111217655,9
2014-10-01,corr,MEX,0.9312300593258145,7.229109980103572,9
2015-01-01,corr,MEX,0.9360650557354233,7.710865921833547,10
2015-04-01,corr,MEX,0.95245037090663,7.858504398624277,10
2015-07-01,corr,MEX,0.9485683210654582,7.83775345087078,10
2015-10-01,corr,MEX,0.9395082115516094,8.048562399745975,10
2016-01-01,corr,MEX,0.9709267856056559,8.21503525871353,10
2016-04-01,corr,MEX,0.990750772673145,7.881348170877486,9
2016-07-01,corr,MEX,0.9896133213749125,7.863709101753003,9
2016-10-01,corr,MEX,0.973362800642989,7.310375661985327,9
2017-01-01,corr,MEX,0.9486368974423917,7.644532408627107,10
2017-04-01,corr,MEX,0.9826531428718841,6.937905176159907,9
2017-07-01,corr,MEX,0.9828349256615228,6.940959586900462,9
2017-10-01,corr,MEX,0.9631593777174611,6.549929817219943,9
2018-01-01,corr,MEX,0.955872765947722,6.059188522612828,9
2018-04-01,corr,MEX,0.886173862559196,4.695709176681438,8
2018-07-01,corr,MEX,0.9259642970883504,4.777601958083538,8
2018-10-01,corr,MEX,0.9436412106780931,5.637032165777486,9
2019-01-01,corr,MEX,0.8826634854177975,4.997322095060978,7
2019-04-01,corr,MEX,0.9598244983334029,6.3397024305854215,9
2019-07-01,corr,MEX,0.9268393450292336,6.0248444031712465,8
2019-10-01,corr,MEX,0.9339024002738675,5.8544472456719765,8
2020-01-01,corr,MEX,0.9321148236353298,6.079616999859648,8
2020-04-01,corr,MEX,0.9927616053890105,8.951884974547287,10
2020-07-01,corr,MEX,0.9919821432645118,8.89313703264442,10
2020-10-01,corr,MEX,0.9906424224854675,8.753428491644435,10
2021-01-01,corr,MEX,0.9903247372617152,8.711752445339913,10
2021-04-01,corr,MEX,0.9895077043473531,8.636873204974657,10
2021-07-01,corr,MEX,0.9887830619166561,8.64893033544768,10
2021-10-01,corr,MEX,0.9899238029630283,8.760481138867457,10
2022-01-01,corr,MEX,0.9888121643453843,8.644510358543421,10
2022-04-01,corr,MEX,0.8898233217931263,5.94701554114509,8
2022-07-01,corr,MEX,0.9508777842145406,6.30284443982442,8
2022-10-01,corr,MEX,0.9468277579374933,6.999512910304454,9
2023-01-01,corr,MEX,0.9397564174911908,7.646726325745741,10
2023-04-01,corr,MEX,0.9061451027302729,7.471335024375014,10
2023-07-01,corr,MEX,0.9061634661324423,7.45901837229373,10
2023-10-01,corr,MEX,0.8989222247836823,7.4474793242318995,10
2024-01-01,corr,MEX,0.8999757353971812,7.3086782164342505,10
2024-04-01,corr,MEX,0.9147727378404745,7.25945951504563,10
2024-07-01,corr,MEX,0.90647444365777,5.7097495110358585,9
2024-10-01,corr,MEX,0.9180248406759374,5.149732840284889,9
2025-01-01,corr,MEX,0.8609094386637154,3.7485254553366705,7
2025-04-01,corr,MEX,0.9301574657960799,3.7547782194528225,6
2025-07-01,corr,MEX,0.8570465739813614,3.873609900105853,7
2025-10-01,corr,MEX,0.9015769338600705,3.585500518477641,6
2026-01-01,corr,MEX,0.9527815365506164,4.348328281383649,7
2026-04-01,corr,MEX,0.9190270957959223,4.481803663560122,7
2009-10-01,corr,PAN,0.9871829924851108,8.300397164414775,10
2010-01-01,corr,PAN,0.9872174195044471,8.29189966235699,10
2010-04-01,corr,PAN,0.9871486017063337,8.280808570456736,10
2010-07-01,corr,PAN,0.9872927656486677,8.266901691615443,10
2010-10-01,corr,PAN,0.9872765000092263,8.205446577245342,10
2011-01-01,corr,PAN,0.9773949826931225,6.474643660681528,8
2011-04-01,corr,PAN,0.9593056503005059,6.568777993721516,8
2011-07-01,corr,PAN,0.962255267441026,6.828263240763384,9
2011-10-01,corr,PAN,0.9821461787343517,7.4293641130963755,9
2012-01-01,corr,PAN,0.989569867991591,7.473662359741869,9
2012-04-01,corr,PAN,0.9879733718660157,7.457173606489135,9
2012-07-01,corr,PAN,0.9900471479384881,7.837262823271879,9
2012-10-01,corr,PAN,0.9747988738110089,8.29910487833058,10
2013-01-01,corr,PAN,0.9532481436542893,8.091492905111984,10
2013-04-01,corr,PAN,0.9836362202681508,7.718594497477453,9
2013-07-01,corr,PAN,0.9224523383579888,8.099490689967785,10
2013-10-01,corr,PAN,0.9170537472238104,7.658097596965138,10
2014-01-01,corr,PAN,0.9579176355496054,7.66765174686148,10
2014-04-01,corr,PAN,0.9664589756476605,8.084490456874327,10
2014-07-01,corr,PAN,0.9320170876064064,7.4686967090276575,10
2014-10-01,corr,PAN,0.9274582943158772,6.681756656484463,8
2015-01-01,corr,PAN,0.9327137666124313,6.907239000053022,9
2015-04-01,corr,PAN,0.936672279012619,6.941294377354886,9
2015-07-01,corr,PAN,0.933268084145912,6.949601821887138,9
2015-10-01,corr,PAN,0.9587930334526907,7.367555157955556,9
2016-01-01,corr,PAN,0.9680951334208764,7.941016811788601,10
2016-04-01,corr,PAN,0.9886801009141707,7.602176747962128,9
2016-07-01,corr,PAN,0.9868903769857297,7.543960794880038,9
2016-10-01,corr,PAN,0.9452137529317334,7.80825976217901,10
2017-01-01,corr,PAN,0.9524884381584551,7.87639522148138,10
2017-04-01,corr,PAN,0.9879073891756861,7.248846579528053,9
2017-07-01,corr,PAN,0.9876658170938764,7.206535291118088,9
2017-10-01,corr,PAN,0.9666563664482949,6.807378834472972,9
2018-01-01,corr,PAN,0.9635379131816997,6.631849543640952,9
2018-04-01,corr,PAN,0.8965680861889704,5.418910251729773,8
2018-07-01,corr,PAN,0.9316219714682449,6.14694539258649,9
2018-10-01,corr,PAN,0.9495659125540673,6.864258078303055,10
2019-01-01,corr,PAN,0.9457247312770555,7.2844502878968695,10
2019-04-01,corr,PAN,0.9839329018543749,7.680057455236474,10
2019-07-01,corr,PAN,0.9809205732915143,7.862293083117328,10
2019-10-01,corr,PAN,0.9662177667120166,7.143513717187804,9
2020-01-01,corr,PAN,0.9648405830335608,7.086741849869511,9
2020-04-01,corr,PAN,0.9930211177418877,9.033959692199128,10
2020-07-01,corr,PAN,0.9923368210001359,8.943418186044163,10
2020-10-01,corr,PAN,0.9912017943159034,8.800587694499614,10
2021-01-01,corr,PAN,0.9910459557750579,8.799139879799025,10
2021-04-01,corr,PAN,0.9900222189525311,8.695840168365429,10
2021-07-01,corr,PAN,0.9890079560438823,8.658445963957087,10
2021-10-01,corr,PAN,0.9905303289580699,8.85747028072794,10
2022-01-01,corr,PAN,0.9890808595842066,8.706235310896945,10
2022-04-01,corr,PAN,0.9414684498795792,5.874836465302514,7
2022-07-01,corr,PAN,0.9365763166926859,6.012816289827632,7
2022-10-01,corr,PAN,0.9599979718396069,6.164600041195229,8
2023-01-01,corr,PAN,0.9359158335247909,6.332112286192375,8
2023-04-01,corr,PAN,0.9509833165986004,6.2206681366268,8
2023-07-01,corr,PAN,0.9421020599111098,6.109623389758834,8
2023-10-01,corr,PAN,0.9457485296990862,6.1739352138082975,8
2024-01-01,corr,PAN,0.9452121666126526,5.344790304666728,8
2024-04-01,corr,PAN,0.9614863732059812,5.404685551260685,9
2024-07-01,corr,PAN,0.9211181205883535,3.533886365762623,6
2024-10-01,corr,PAN,0.931640128280181,3.3940651374042683,6
2025-01-01,corr,PAN,0.8815770228299438,1.3484610614823016,3
2025-04-01,corr,PAN,0.8330760651992097,0.8121814569769585,2
2025-07-01,corr,PAN,0.7977948131019721,1.2505575739265535,3
2025-10-01,corr,PAN,0.8822654929283233,2.1830197746868847,5
2026-01-01,corr,PAN,0.9347993185678827,3.591680547149681,6
2026-04-01,corr,PAN,0.9015977511048973,3.225018691427521,6
2009-10-01,corr,PER,0.9865585336360821,8.141728193335107,10
2010-01-01,corr,PER,0.9866809994805402,8.141507747476904,10
2010-04-01,corr,PER,0.986576913696344,8.095246966425368,10
2010-07-01,corr,PER,0.9868925694023648,8.121100175849328,10
2010-10-01,corr,PER,0.9871704753386826,8.083085570614768,10
2011-01-01,corr,PER,0.976683177137567,6.135317656390046,8
2011-04-01,corr,PER,0.959442514425717,6.366093707112339,8
2011-07-01,corr,PER,0.9568401282735312,6.506268087188385,9
2011-10-01,corr,PER,0.9765176312215433,7.047184355750485,9
2012-01-01,corr,PER,0.9849728566282185,7.195675951590123,9
2012-04-01,corr,PER,0.9833124120429156,7.255338458987284,9
2012-07-01,corr,PER,0.9844191373630724,7.44984268746817,9
2012-10-01,corr,PER,0.9441679568245797,7.375713468081076,9
2013-01-01,corr,PER,0.9542380818562736,7.204643216760719,9
2013-04-01,corr,PER,0.9778524865000501,7.230695088381017,9
2013-07-01,corr,PER,0.9774758893041633,7.668800120731617,9
2013-10-01,corr,PER,0.9528369728078974,7.27819322129159,9
2014-01-01,corr,PER,0.9579568141095969,7.488103006730075,10
2014-04-01,corr,PER,0.9663683457965864,7.982396518996404,10
2014-07-01,corr,PER,0.9307478602813404,7.440574904442018,10
2014-10-01,corr,PER,0.930718413501658,7.112636120710805,9
2015-01-01,corr,PER,0.9341149942809377,7.121004774279418,9
2015-04-01,corr,PER,0.952125771713549,7.809410666469912,10
2015-07-01,corr,PER,0.9478704997935555,7.8038336214370485,10
2015-10-01,corr,PER,0.9392738230041034,8.012514071407772,10
2016-01-01,corr,PER,0.9711357539210645,8.26781193083626,10
2016-04-01,corr,PER,0.990122866974215,7.796983457777091,9
2016-07-01,corr,PER,0.9891524823882892,7.794335741467423,9
2016-10-01,corr,PER,0.9449373218256971,7.9312088076455955,10
2017-01-01,corr,PER,0.9523645463654009,7.907659636639981,10
2017-04-01,corr,PER,0.9881951713991867,7.42328395851494,9
2017-07-01,corr,PER,0.9879679148550594,7.4092052799232535,9
2017-10-01,corr,PER,0.9669692463887026,6.860253350226449,9
2018-01-01,corr,PER,0.9629009150583108,6.5527702164727675,9
2018-04-01,corr,PER,0.9229345266868952,4.924943147819753,7
2018-07-01,corr,PER,0.9311105076234476,5.795169136806615,9
2018-10-01,corr,PER,0.9492365474747023,6.644263374443352,10
2019-01-01,corr,PER,0.9453862102401616,6.9019844009455795,10
2019-04-01,corr,PER,0.9833419333482205,7.436123064823869,10
2019-07-01,corr,PER,0.9802971946132268,7.665748758973631,10
2019-10-01,corr,PER,0.9666738961378827,7.260042643942752,9
2020-01-01,corr,PER,0.9654842177675399,7.237489146800494,9
2020-04-01,corr,PER,0.9932745341964923,9.102804149449714,10
2020-07-01,corr,PER,0.9924950552161595,8.958608410827564,10
2020-10-01,corr,PER,0.9912914055647155,8.748265435697824,10
2021-01-01,corr,PER,0.990749440870364,8.522118127296567,10
2021-04-01,corr,PER,0.9889417695395839,8.295722653400613,10
2021-07-01,corr,PER,0.9875101985887452,8.184402809878154,10
2021-10-01,corr,PER,0.9878940989604397,8.22656183489587,10
2022-01-01,corr,PER,0.9867852233087394,8.094617379321166,10
2022-04-01,corr,PER,0.9387360882614416,5.486551882812631,7
2022-07-01,corr,PER,0.9342281265463042,5.507891563324572,7
2022-10-01,corr,PER,0.9599979718396069,5.901723835812357,8
2023-01-01,corr,PER,0.9360560212368341,6.284690752080601,8
2023-04-01,corr,PER,0.9523635025642476,6.276891473333833,8
2023-07-01,corr,PER,0.9498361191438371,6.700613734333318,9
2023-10-01,corr,PER,0.9542573694882306,6.768245866146333,9
2024-01-01,corr,PER,0.9581832664556972,6.665568867365845,9
2024-04-01,corr,PER,0.9756027987512144,6.57950054665023,9
2024-07-01,corr,PER,0.9472132235672845,5.344527962274289,8
2024-10-01,corr,PER,0.9439830574454604,4.621338953917904,7
2025-01-01,corr,PER,0.902494363493291,3.478569637742104,6
2025-04-01,corr,PER,0.896238891533313,4.105492113656884,7
2025-07-01,corr,PER,0.8844066500545155,4.242105582086282,7
2025-10-01,corr,PER,0.9167352426558739,4.347352980391888,7
2026-01-01,corr,PER,0.9558145889448169,4.487330240790518,7
2026-04-01,corr,PER,0.9126133573458973,4.200750851986797,7
2009-10-01,corr,SLV,0.9867695301455035,8.073615649458871,10
2010-01-01,corr,SLV,0.9868248022221765,8.089535124494034,10
2010-04-01,corr,SLV,0.9865609135654709,8.024516748872001,10
2010-07-01,corr,SLV,0.986646505424417,8.058829264268592,10
2010-10-01,corr,SLV,0.9866585420155818,8.0632109039474,10
2011-01-01,corr,SLV,0.9644349649477282,5.465198586189755,8
2011-04-01,corr,SLV,0.950845353865635,6.662804309850535,9
2011-07-01,corr,SLV,0.9417358293091154,6.752881215329008,10
2011-10-01,corr,SLV,0.91822650576205,7.5299094418456916,10
2012-01-01,corr,SLV,0.9852278707347192,7.240232811248178,9
2012-04-01,corr,SLV,0.9866774596001494,7.564678360298328,9
2012-07-01,corr,SLV,0.9848225309971149,7.532021032187229,9
2012-10-01,corr,SLV,0.9725844253812734,8.14756126874036,10
2013-01-01,corr,SLV,0.9575629427201261,7.429108870833551,9
2013-04-01,corr,SLV,0.9714113617723097,6.612471188658354,9
2013-07-01,corr,SLV,0.9654691747232746,6.566441117683559,9
2013-10-01,corr,SLV,0.9244445580593299,5.167154647705281,8
2014-01-01,corr,SLV,0.9202978578353578,5.376879192281682,9
2014-04-01,corr,SLV,0.9342447382299935,5.617025641123656,9
2014-07-01,corr,SLV,0.9181472355287938,5.273681337947213,9
2014-10-01,corr,SLV,0.9006566259539635,5.118057250760633,9
2015-01-01,corr,SLV,0.9103540862898181,5.135934880085169,9
2015-04-01,corr,SLV,0.9433119259728523,6.67571783878976,10
2015-07-01,corr,SLV,0.9411188134494836,6.635556313298274,10
2015-10-01,corr,SLV,0.9337748482176854,6.9292023395441635,10
2016-01-01,corr,SLV,0.9588798375909118,7.026395542498174,10
2016-04-01,corr,SLV,0.9780714924748577,6.856597611169466,9
2016-07-01,corr,SLV,0.977372803675633,6.878469781104425,9
2016-10-01,corr,SLV,0.9555484098552872,5.804750860895013,9
2017-01-01,corr,SLV,0.9402221170519753,5.754676770469804,9
2017-04-01,corr,SLV,0.9630301455627696,5.390325733007599,9
2017-07-01,corr,SLV,0.9613264551888139,5.300964395726485,9
2017-10-01,corr,SLV,0.919146218792185,4.195197788377399,8
2018-01-01,corr,SLV,0.9036114461676015,3.674604890746125,7
2018-04-01,corr,SLV,0.8054571138397925,1.313148727382096,3
2018-07-01,corr,SLV,0.90198320088607,3.139654027634834,7
2018-10-01,corr,SLV,0.9090357178980263,3.5079231382024947,7
2019-01-01,corr,SLV,0.8945969144265223,2.792657085904565,6
2019-04-01,corr,SLV,0.9650663887109328,6.072632353722778,10
2019-07-01,corr,SLV,0.9687367305731833,6.749701387167953,10
2019-10-01,corr,SLV,0.9294413710522683,7.067235450017217,10
2020-01-01,corr,SLV,0.9296965682394625,7.260509563451158,10
2020-04-01,corr,SLV,0.9922206744642859,9.106874983058136,10
2020-07-01,corr,SLV,0.9857923965183328,8.176628336022656,10
2020-10-01,corr,SLV,0.9832208634286157,7.825050973193608,10
2021-01-01,corr,SLV,0.9797359844145543,7.460578899474344,10
2021-04-01,corr,SLV,0.9761069716121146,7.149750961519206,10
2021-07-01,corr,SLV,0.9732994057214043,6.850508958242887,10
2021-10-01,corr,SLV,0.9692802910984728,6.553447252891059,10
2022-01-01,corr,SLV,0.9590260187095332,5.558089574723281,10
2022-04-01,corr,SLV,0.7992866899541877,0.8182513287742079,2
2022-07-01,corr,SLV,0.9139951319079271,3.1417224386876104,6
2022-10-01,corr,SLV,0.864190928276913,2.179029153467174,4
2023-01-01,corr,SLV,0.9168456012222285,3.5774712265762094,7
2023-04-01,corr,SLV,0.8647114276031271,2.6948486138815975,5
2023-07-01,corr,SLV,0.888500097880478,3.051982063185518,6
2023-10-01,corr,SLV,0.8927274783186351,2.939048055832091,6
2024-01-01,corr,SLV,0.8962335220199419,3.152833386243029,6
2024-04-01,corr,SLV,0.958275857517354,4.930642431926645,9
2024-07-01,corr,SLV,0.8075636159760023,0.9218324264902145,2
2024-10-01,corr,SLV,0.8582303017261127,0.516999137957792,1
2025-01-01,corr,SLV,0.8144134814309033,0.44934798256822506,1
2025-04-01,corr,SLV,0.8995122340140573,0.5039602310273513,1
2025-07-01,corr,SLV,,0.0,0
2025-10-01,corr,SLV,,0.0,0
2026-01-01,corr,SLV,,0.0,0
2026-04-01,corr,SLV,0.7431582020177452,0.4105793502999577,1
2009-10-01,corr,URY,0.9855118944595,8.194156289251003,10
2010-01-01,corr,URY,0.9854966314810213,8.181902103051895,10
2010-04-01,corr,URY,0.9855293398576487,8.16139859752912,10
2010-07-01,corr,URY,0.9863366554197164,8.181272005091314,10
2010-10-01,corr,URY,0.9862803616724396,8.142637274959958,10
2011-01-01,corr,URY,0.9697783760260124,5.990259885442492,8
2011-04-01,corr,URY,0.9565257858883149,6.906171915901892,9
2011-07-01,corr,URY,0.9364179565476618,7.124147917338575,10
2011-10-01,corr,URY,0.9810144427503802,7.599393371145582,9
2012-01-01,corr,URY,0.9894251993835508,7.778154814382373,9
2012-04-01,corr,URY,0.9877647281834862,7.725964162186095,9
2012-07-01,corr,URY,0.9888935583674273,7.853751661702866,9
2012-10-01,corr,URY,0.9750818467787641,8.300163930653266,10
2013-01-01,corr,URY,0.9607016561600974,7.820381518962075,9
2013-04-01,corr,URY,0.9839490458864325,7.836398599600052,9
2013-07-01,corr,URY,0.9778537857171961,7.864680824872734,9
2013-10-01,corr,URY,0.9533730518708877,7.349104502295693,9
2014-01-01,corr,URY,0.9585907544556747,7.617801495554908,10
2014-04-01,corr,URY,0.9664521599965488,7.956220684146123,10
2014-07-01,corr,URY,0.932052374610757,7.366007641591603,10
2014-10-01,corr,URY,0.8968531458210756,7.302929718466876,10
2015-01-01,corr,URY,0.93360265550132,6.890765854348184,9
2015-04-01,corr,URY,0.9336446365194703,6.401812016501553,9
2015-07-01,corr,URY,0.9284219638480108,6.098684923070556,9
2015-10-01,corr,URY,0.9563318953554014,7.1431723959703,9
2016-01-01,corr,URY,0.9646570971253606,7.565931763639114,10
2016-04-01,corr,URY,0.984569044411033,7.305245903602699,9
2016-07-01,corr,URY,0.9837967775270194,7.324260373001678,9
2016-10-01,corr,URY,0.9715171827836048,7.184885168645475,9
2017-01-01,corr,URY,0.9576023089074115,7.180769695880475,9
2017-04-01,corr,URY,0.9876343231168198,7.211188075772517,9
2017-07-01,corr,URY,0.9871148111892302,7.1992855805995974,9
2017-10-01,corr,URY,0.9021418068965584,7.096714165915054,10
2018-01-01,corr,URY,0.9627971724409589,6.3836868570269445,9
2018-04-01,corr,URY,0.9103642943700759,4.350240627662194,6
2018-07-01,corr,URY,0.9205160104244207,5.03135391744885,7
2018-10-01,corr,URY,0.9476415693286132,6.632032723927937,10
2019-01-01,corr,URY,0.9443453031391538,6.874073190045925,10
2019-04-01,corr,URY,0.9840558506745433,7.630634810511632,10
2019-07-01,corr,URY,0.9808515658569676,7.883122164864794,10
2019-10-01,corr,URY,0.9652404509274035,7.276869073896985,9
2020-01-01,corr,URY,0.9633600131078298,7.160646870533916,9
2020-04-01,corr,URY,0.9918773816196967,8.88496018195534,10
2020-07-01,corr,URY,0.992171632670769,8.920724370991028,10
2020-10-01,corr,URY,0.9912354448567007,8.778219960335303,10
2021-01-01,corr,URY,0.9910218399333537,8.79320490576282,10
2021-04-01,corr,URY,0.989762862988853,8.681169081874076,10
2021-07-01,corr,URY,0.9889545530105408,8.641133397632347,10
2021-10-01,corr,URY,0.9900749004023954,8.736265569557393,10
2022-01-01,corr,URY,0.9888557158562647,8.600210611551212,10
2022-04-01,corr,URY,0.941888183538884,6.023514046506082,7
2022-07-01,corr,URY,0.9533464173155445,6.4512415733723865,8
2022-10-01,corr,URY,0.9609181107284959,6.467657359373759,8
2023-01-01,corr,URY,0.9548683637605768,7.130577289999024,9
2023-04-01,corr,URY,0.9530757757965544,6.4023843874817565,8
2023-07-01,corr,URY,0.9443187846830534,6.255935703121193,8
2023-10-01,corr,URY,0.9471712870312128,6.249815395259212,8
2024-01-01,corr,URY,0.9519065921760357,5.920217194077701,8
2024-04-01,corr,URY,0.9749280761007526,6.174179519143447,9
2024-07-01,corr,URY,0.939018173704851,4.795462705464409,7
2024-10-01,corr,URY,0.9486975522047004,4.375840712127384,7
2025-01-01,corr,URY,0.900702477552203,1.9781368988039065,3
2025-04-01,corr,URY,0.8975250765058843,1.8531324538907241,3
2025-07-01,corr,URY,0.8357016822867125,2.245062609397402,4
2025-10-01,corr,URY,0.8701937499925032,2.6595747721952536,5
2026-01-01,corr,URY,0.9347993185678827,3.683504133396879,6
2026-04-01,corr,URY,0.890552498390923,3.0422619399983923,5
