date,country,alpha_iet,xmin_iet,n_events_window,mean_wait_months
2011-09-01,ARG,,,4,15.330705212439772
2011-10-01,ARG,,,4,15.330705212439772
2011-11-01,ARG,,,4,15.330705212439772
2011-12-01,ARG,,,4,15.330705212439772
2012-01-01,ARG,,,4,15.330705212439772
2012-02-01,ARG,,,4,15.330705212439772
2012-03-01,ARG,,,4,15.330705212439772
2012-04-01,ARG,,,4,15.330705212439772
2012-05-01,ARG,2.759614419327117,7.982917214191852,5,13.493758212877792
2012-06-01,ARG,2.759614419327117,7.982917214191852,5,13.493758212877792
2012-07-01,ARG,2.759614419327117,7.982917214191852,5,13.493758212877792
2012-08-01,ARG,2.759614419327117,7.982917214191852,5,13.493758212877792
2012-09-01,ARG,2.759614419327117,7.982917214191852,5,13.493758212877792
2012-10-01,ARG,2.759614419327117,7.982917214191852,5,13.493758212877792
2012-11-01,ARG,2.759614419327117,7.982917214191852,5,13.493758212877792
2012-12-01,ARG,,,4,14.651773981603151
2013-01-01,ARG,,,4,14.651773981603151
2013-02-01,ARG,,,4,14.651773981603151
2013-03-01,ARG,,,4,14.651773981603151
2013-04-01,ARG,,,4,14.651773981603151
2013-05-01,ARG,,,4,14.651773981603151
2013-06-01,ARG,,,4,14.651773981603151
2013-07-01,ARG,,,4,14.651773981603151
2013-08-01,ARG,,,4,14.651773981603151
2013-09-01,ARG,,,4,14.651773981603151
2008-10-01,BRA,,,4,3.6684187472623737
2008-11-01,BRA,,,4,3.6684187472623737
2008-12-01,BRA,,,4,3.6684187472623737
2009-01-01,BRA,,,4,3.6684187472623737
2009-02-01,BRA,,,4,3.6684187472623737
2009-03-01,BRA,,,4,3.6684187472623737
2009-04-01,BRA,,,4,3.6684187472623737
2009-05-01,BRA,,,4,3.6684187472623737
2009-06-01,BRA,,,4,3.6684187472623737
2009-07-01,BRA,,,4,3.6684187472623737
2009-08-01,BRA,,,4,3.6684187472623737
2009-09-01,BRA,,,4,3.6684187472623737
2009-10-01,BRA,,,4,3.6684187472623737
2009-11-01,BRA,,,4,3.6684187472623737
2009-12-01,BRA,,,4,3.6684187472623737
2010-01-01,BRA,1.689159454235814,0.9855453350854139,5,6.504599211563732
2010-02-01,BRA,1.689159454235814,0.9855453350854139,5,6.504599211563732
2010-03-01,BRA,1.689159454235814,0.9855453350854139,5,6.504599211563732
2010-04-01,BRA,1.689159454235814,0.9855453350854139,5,6.504599211563732
2010-05-01,BRA,2.477049475142744,3.0223390275952693,6,5.9921156373193165
2010-06-01,BRA,2.477049475142744,3.0223390275952693,6,5.9921156373193165
2010-07-01,BRA,2.477049475142744,3.0223390275952693,6,5.9921156373193165
2010-08-01,BRA,2.477049475142744,3.0223390275952693,6,5.9921156373193165
2010-09-01,BRA,2.477049475142744,3.0223390275952693,6,5.9921156373193165
2010-10-01,BRA,2.477049475142744,3.0223390275952693,6,5.9921156373193165
2010-11-01,BRA,2.477049475142744,3.0223390275952693,6,5.9921156373193165
2010-12-01,BRA,2.477049475142744,3.0223390275952693,6,5.9921156373193165
2011-01-01,BRA,2.477049475142744,3.0223390275952693,6,5.9921156373193165
2011-02-01,BRA,2.477049475142744,3.0223390275952693,6,5.9921156373193165
2011-03-01,BRA,2.477049475142744,3.0223390275952693,6,5.9921156373193165
2011-04-01,BRA,2.477049475142744,3.0223390275952693,6,5.9921156373193165
2011-05-01,BRA,2.477049475142744,3.0223390275952693,6,5.9921156373193165
2011-06-01,BRA,2.477049475142744,3.0223390275952693,6,5.9921156373193165
2011-07-01,BRA,2.477049475142744,3.0223390275952693,6,5.9921156373193165
2011-08-01,BRA,2.15982468015509,3.0223390275952693,7,7.495619798510731
2011-09-01,BRA,2.15982468015509,3.0223390275952693,8,6.570302233902759
2011-10-01,BRA,2.15982468015509,3.0223390275952693,8,6.570302233902759
2011-11-01,BRA,2.15982468015509,3.0223390275952693,8,6.570302233902759
2011-12-01,BRA,2.15982468015509,3.0223390275952693,8,6.570302233902759
2012-01-01,BRA,2.15982468015509,3.0223390275952693,8,6.570302233902759
2012-02-01,BRA,2.15982468015509,3.0223390275952693,8,6.570302233902759
2012-03-01,BRA,2.15982468015509,3.0223390275952693,8,6.570302233902759
2012-04-01,BRA,2.15982468015509,3.0223390275952693,8,6.570302233902759
2012-05-01,BRA,1.6645287534266235,0.9855453350854139,9,6.746879106438897
2012-06-01,BRA,1.6645287534266235,0.9855453350854139,9,6.746879106438897
2012-07-01,BRA,1.6645287534266235,0.9855453350854139,9,6.746879106438897
2012-08-01,BRA,1.6645287534266235,0.9855453350854139,9,6.746879106438897
2012-09-01,BRA,1.6645287534266235,0.9855453350854139,9,6.746879106438897
2012-10-01,BRA,1.6645287534266235,0.9855453350854139,9,6.746879106438897
2012-11-01,BRA,1.6645287534266235,0.9855453350854139,9,6.746879106438897
2012-12-01,BRA,1.6945470100568345,0.9855453350854139,8,6.7110944246292465
2013-01-01,BRA,1.6945470100568345,0.9855453350854139,8,6.7110944246292465
2013-02-01,BRA,1.6945470100568345,0.9855453350854139,8,6.7110944246292465
2013-03-01,BRA,1.6945470100568345,0.9855453350854139,8,6.7110944246292465
2013-04-01,BRA,1.6945470100568345,0.9855453350854139,8,6.7110944246292465
2013-05-01,BRA,1.6360710435408663,0.9855453350854139,9,7.371057818659659
2013-06-01,BRA,1.6360710435408663,0.9855453350854139,9,7.371057818659659
2013-07-01,BRA,1.6110004395537607,0.9855453350854139,8,7.992303360240285
2013-08-01,BRA,1.6110004395537607,0.9855453350854139,8,7.992303360240285
2013-09-01,BRA,1.6110004395537607,0.9855453350854139,8,7.992303360240285
2013-10-01,BRA,2.113001084009593,3.9421813403416555,7,9.160096364432764
2013-11-01,BRA,2.2677617544114086,3.9421813403416555,6,7.989487516425756
2013-12-01,BRA,2.2677617544114086,3.9421813403416555,6,7.989487516425756
2014-01-01,BRA,1.564097659317285,1.0183968462549278,7,7.99934296977661
2014-02-01,BRA,1.564097659317285,1.0183968462549278,7,7.99934296977661
2014-03-01,BRA,1.564097659317285,1.0183968462549278,7,7.99934296977661
2014-04-01,BRA,1.564097659317285,1.0183968462549278,7,7.99934296977661
2014-05-01,BRA,1.564097659317285,1.0183968462549278,7,7.99934296977661
2014-06-01,BRA,1.564097659317285,1.0183968462549278,7,7.99934296977661
2014-07-01,BRA,1.564097659317285,1.0183968462549278,7,7.99934296977661
2014-08-01,BRA,1.564097659317285,1.0183968462549278,7,7.99934296977661
2014-09-01,BRA,1.564097659317285,1.0183968462549278,7,7.99934296977661
2014-10-01,BRA,1.564097659317285,1.0183968462549278,7,7.99934296977661
2014-11-01,BRA,1.564097659317285,1.0183968462549278,7,7.99934296977661
2014-12-01,BRA,1.564097659317285,1.0183968462549278,7,7.99934296977661
2015-01-01,BRA,1.5342546420179572,1.0183968462549278,8,8.569551342218885
2015-02-01,BRA,1.5106877702820474,1.0183968462549278,7,9.34077967586509
2015-03-01,BRA,1.5106877702820474,1.0183968462549278,7,9.34077967586509
2015-04-01,BRA,1.5106877702820474,1.0183968462549278,7,9.34077967586509
2015-05-01,BRA,1.5106877702820474,1.0183968462549278,7,9.34077967586509
2015-06-01,BRA,1.5519881455250482,1.0183968462549278,6,8.206307490144546
2015-07-01,BRA,1.5519881455250482,1.0183968462549278,6,8.206307490144546
2015-08-01,BRA,1.5519881455250482,1.0183968462549278,6,8.206307490144546
2015-09-01,BRA,1.5397023107960206,1.0183968462549278,7,8.169075777485764
2015-10-01,BRA,1.5397023107960206,1.0183968462549278,7,8.169075777485764
2015-11-01,BRA,1.5397023107960206,1.0183968462549278,7,8.169075777485764
2015-12-01,BRA,1.574047536366884,1.0183968462549278,8,7.4291345973343335
2016-01-01,BRA,1.574047536366884,1.0183968462549278,8,7.4291345973343335
2016-02-01,BRA,1.574047536366884,1.0183968462549278,8,7.4291345973343335
2016-03-01,BRA,1.574047536366884,1.0183968462549278,8,7.4291345973343335
2016-04-01,BRA,1.574047536366884,1.0183968462549278,8,7.4291345973343335
2016-05-01,BRA,1.574047536366884,1.0183968462549278,8,7.4291345973343335
2016-06-01,BRA,1.574047536366884,1.0183968462549278,8,7.4291345973343335
2016-07-01,BRA,1.574047536366884,1.0183968462549278,8,7.4291345973343335
2016-08-01,BRA,1.574047536366884,1.0183968462549278,8,7.4291345973343335
2016-09-01,BRA,2.0465946973803906,2.9894875164257555,7,8.4975908891809
2016-10-01,BRA,2.052481719956626,2.9894875164257555,6,8.600525624178712
2016-11-01,BRA,2.052481719956626,2.9894875164257555,6,8.600525624178712
2016-12-01,BRA,2.052481719956626,2.9894875164257555,6,8.600525624178712
2017-01-01,BRA,2.052481719956626,2.9894875164257555,6,8.600525624178712
2017-02-01,BRA,2.052481719956626,2.9894875164257555,6,8.600525624178712
2017-03-01,BRA,2.052481719956626,2.9894875164257555,6,8.600525624178712
2017-04-01,BRA,2.052481719956626,2.9894875164257555,6,8.600525624178712
2017-05-01,BRA,2.052481719956626,2.9894875164257555,6,8.600525624178712
2017-06-01,BRA,2.1898959434148715,2.9894875164257555,5,7.752956636005255
2017-07-01,BRA,2.1898959434148715,2.9894875164257555,5,7.752956636005255
2017-08-01,BRA,2.1898959434148715,2.9894875164257555,5,7.752956636005255
2017-09-01,BRA,2.1898959434148715,2.9894875164257555,5,7.752956636005255
2017-10-01,BRA,2.1898959434148715,2.9894875164257555,5,7.752956636005255
2017-11-01,BRA,2.1898959434148715,2.9894875164257555,5,7.752956636005255
2017-12-01,BRA,2.1898959434148715,2.9894875164257555,5,7.752956636005255
2018-01-01,BRA,2.1898959434148715,2.9894875164257555,5,7.752956636005255
2018-02-01,BRA,2.1898959434148715,2.9894875164257555,5,7.752956636005255
2018-03-01,BRA,2.1898959434148715,2.9894875164257555,5,7.752956636005255
2018-04-01,BRA,2.1898959434148715,2.9894875164257555,5,7.752956636005255
2018-05-01,BRA,2.786168282379653,8.04862023653088,6,11.997371879106439
2018-06-01,BRA,2.768902840638447,7.982917214191852,5,12.984559789750328
2018-07-01,BRA,2.768902840638447,7.982917214191852,5,12.984559789750328
2018-08-01,BRA,2.768902840638447,7.982917214191852,6,10.992115637319317
2018-09-01,BRA,2.768902840638447,7.982917214191852,6,10.992115637319317
2018-10-01,BRA,2.768902840638447,7.982917214191852,6,10.992115637319317
2018-11-01,BRA,2.768902840638447,7.982917214191852,6,10.992115637319317
2018-12-01,BRA,2.768902840638447,7.982917214191852,6,10.992115637319317
2019-01-01,BRA,2.768902840638447,7.982917214191852,6,10.992115637319317
2019-02-01,BRA,2.225316175336586,2.9894875164257555,5,10.742444152431013
2019-03-01,BRA,2.225316175336586,2.9894875164257555,5,10.742444152431013
2019-04-01,BRA,2.225316175336586,2.9894875164257555,5,10.742444152431013
2019-05-01,BRA,2.225316175336586,2.9894875164257555,5,10.742444152431013
2019-06-01,BRA,2.225316175336586,2.9894875164257555,5,10.742444152431013
2019-07-01,BRA,2.225316175336586,2.9894875164257555,5,10.742444152431013
2019-08-01,BRA,2.225316175336586,2.9894875164257555,5,10.742444152431013
2019-09-01,BRA,2.225316175336586,2.9894875164257555,5,10.742444152431013
2019-10-01,BRA,2.225316175336586,2.9894875164257555,5,10.742444152431013
2019-11-01,BRA,2.225316175336586,2.9894875164257555,5,10.742444152431013
2019-12-01,BRA,2.225316175336586,2.9894875164257555,5,10.742444152431013
2020-01-01,BRA,2.225316175336586,2.9894875164257555,5,10.742444152431013
2020-02-01,BRA,,,4,11.662286465177397
2020-03-01,BRA,1.9682941796944038,2.9894875164257555,5,13.493758212877792
2020-04-01,BRA,1.9682941796944038,2.9894875164257555,5,13.493758212877792
2020-05-01,BRA,1.9682941796944038,2.9894875164257555,5,13.493758212877792
2020-06-01,BRA,1.9682941796944038,2.9894875164257555,5,13.493758212877792
2020-07-01,BRA,1.9682941796944038,2.9894875164257555,5,13.493758212877792
2020-08-01,BRA,1.9682941796944038,2.9894875164257555,5,13.493758212877792
2020-09-01,BRA,1.9682941796944038,2.9894875164257555,5,13.493758212877792
2020-10-01,BRA,,,4,16.995181778361804
2020-11-01,BRA,,,4,16.995181778361804
2020-12-01,BRA,,,4,16.995181778361804
2022-06-01,BRA,,,4,16.338151554971528
2022-07-01,BRA,,,4,16.338151554971528
2022-08-01,BRA,,,4,16.338151554971528
2022-09-01,BRA,,,4,16.338151554971528
2022-10-01,BRA,,,4,16.338151554971528
2022-11-01,BRA,,,4,16.338151554971528
2022-12-01,BRA,,,4,16.338151554971528
2023-01-01,BRA,,,4,16.338151554971528
2023-02-01,BRA,,,4,16.338151554971528
2023-03-01,BRA,,,4,16.338151554971528
2023-04-01,BRA,,,4,16.338151554971528
2023-05-01,BRA,,,4,16.338151554971528
2010-01-01,CHL,,,4,8.672798948751643
2010-02-01,CHL,,,4,8.672798948751643
2010-03-01,CHL,,,4,8.672798948751643
2010-04-01,CHL,,,4,8.672798948751643
2010-05-01,CHL,1.6221909279946174,0.9855453350854139,5,7.490144546649145
2010-06-01,CHL,1.6221909279946174,0.9855453350854139,5,7.490144546649145
2010-07-01,CHL,1.6221909279946174,0.9855453350854139,5,7.490144546649145
2010-08-01,CHL,1.6221909279946174,0.9855453350854139,5,7.490144546649145
2010-09-01,CHL,1.6221909279946174,0.9855453350854139,5,7.490144546649145
2010-10-01,CHL,1.6221909279946174,0.9855453350854139,5,7.490144546649145
2010-11-01,CHL,1.6221909279946174,0.9855453350854139,5,7.490144546649145
2010-12-01,CHL,1.6221909279946174,0.9855453350854139,5,7.490144546649145
2011-01-01,CHL,1.6221909279946174,0.9855453350854139,5,7.490144546649145
2011-02-01,CHL,1.6221909279946174,0.9855453350854139,5,7.490144546649145
2011-03-01,CHL,1.6221909279946174,0.9855453350854139,5,7.490144546649145
2011-04-01,CHL,1.6221909279946174,0.9855453350854139,5,7.490144546649145
2011-05-01,CHL,1.6221909279946174,0.9855453350854139,5,7.490144546649145
2011-06-01,CHL,1.6221909279946174,0.9855453350854139,5,7.490144546649145
2011-07-01,CHL,1.6221909279946174,0.9855453350854139,5,7.490144546649145
2011-08-01,CHL,1.5463059419375147,0.9855453350854139,6,8.994743758212877
2011-09-01,CHL,1.6532268439009277,0.9855453350854139,7,7.665352606219886
2011-10-01,CHL,1.6532268439009277,0.9855453350854139,7,7.665352606219886
2011-11-01,CHL,1.6532268439009277,0.9855453350854139,7,7.665352606219886
2011-12-01,CHL,1.6532268439009277,0.9855453350854139,7,7.665352606219886
2012-01-01,CHL,1.6532268439009277,0.9855453350854139,7,7.665352606219886
2012-02-01,CHL,1.6532268439009277,0.9855453350854139,7,7.665352606219886
2012-03-01,CHL,1.6532268439009277,0.9855453350854139,7,7.665352606219886
2012-04-01,CHL,1.6532268439009277,0.9855453350854139,7,7.665352606219886
2012-05-01,CHL,1.6207305565381422,0.9855453350854139,8,7.71071897878731
2012-06-01,CHL,1.6207305565381422,0.9855453350854139,8,7.71071897878731
2012-07-01,CHL,1.6207305565381422,0.9855453350854139,8,7.71071897878731
2012-08-01,CHL,1.6207305565381422,0.9855453350854139,8,7.71071897878731
2012-09-01,CHL,1.6207305565381422,0.9855453350854139,8,7.71071897878731
2012-10-01,CHL,1.6207305565381422,0.9855453350854139,8,7.71071897878731
2012-11-01,CHL,1.6207305565381422,0.9855453350854139,8,7.71071897878731
2012-12-01,CHL,1.6697983262985223,0.9855453350854139,7,7.325886990801577
2013-01-01,CHL,1.6697983262985223,0.9855453350854139,7,7.325886990801577
2013-02-01,CHL,1.6697983262985223,0.9855453350854139,7,7.325886990801577
2013-03-01,CHL,1.6697983262985223,0.9855453350854139,7,7.325886990801577
2013-04-01,CHL,1.6697983262985223,0.9855453350854139,7,7.325886990801577
2013-05-01,CHL,1.6697983262985223,0.9855453350854139,7,7.325886990801577
2013-06-01,CHL,1.6697983262985223,0.9855453350854139,7,7.325886990801577
2013-07-01,CHL,1.6697983262985223,0.9855453350854139,7,7.325886990801577
2013-08-01,CHL,1.6697983262985223,0.9855453350854139,7,7.325886990801577
2013-09-01,CHL,1.6697983262985223,0.9855453350854139,7,7.325886990801577
2013-10-01,CHL,2.183448410024449,3.9421813403416555,6,8.59395532194481
2013-11-01,CHL,2.468600334518894,3.9421813403416555,5,6.989159001314061
2013-12-01,CHL,2.468600334518894,3.9421813403416555,5,6.989159001314061
2014-01-01,CHL,2.468600334518894,3.9421813403416555,5,6.989159001314061
2014-02-01,CHL,2.468600334518894,3.9421813403416555,5,6.989159001314061
2014-03-01,CHL,2.468600334518894,3.9421813403416555,5,6.989159001314061
2014-04-01,CHL,2.468600334518894,3.9421813403416555,5,6.989159001314061
2014-05-01,CHL,2.468600334518894,3.9421813403416555,5,6.989159001314061
2014-06-01,CHL,2.468600334518894,3.9421813403416555,5,6.989159001314061
2014-07-01,CHL,2.468600334518894,3.9421813403416555,5,6.989159001314061
2014-08-01,CHL,2.468600334518894,3.9421813403416555,5,6.989159001314061
2014-09-01,CHL,2.468600334518894,3.9421813403416555,5,6.989159001314061
2014-10-01,CHL,2.468600334518894,3.9421813403416555,5,6.989159001314061
2014-11-01,CHL,2.468600334518894,3.9421813403416555,5,6.989159001314061
2014-12-01,CHL,2.468600334518894,3.9421813403416555,5,6.989159001314061
2015-01-01,CHL,2.468600334518894,3.9421813403416555,5,6.989159001314061
2015-02-01,CHL,,,4,8.004818221638196
2015-03-01,CHL,,,4,8.004818221638196
2015-04-01,CHL,,,4,8.004818221638196
2015-05-01,CHL,,,4,8.004818221638196
2008-09-01,COL,,,4,3.339903635567236
2008-10-01,COL,2.158429474353217,0.9855453350854139,5,2.7513140604467803
2008-11-01,COL,2.158429474353217,0.9855453350854139,5,2.7513140604467803
2008-12-01,COL,2.158429474353217,0.9855453350854139,5,2.7513140604467803
2009-01-01,COL,2.158429474353217,0.9855453350854139,5,2.7513140604467803
2009-02-01,COL,2.158429474353217,0.9855453350854139,5,2.7513140604467803
2009-03-01,COL,2.158429474353217,0.9855453350854139,5,2.7513140604467803
2009-04-01,COL,2.158429474353217,0.9855453350854139,5,2.7513140604467803
2009-05-01,COL,2.158429474353217,0.9855453350854139,5,2.7513140604467803
2009-06-01,COL,2.158429474353217,0.9855453350854139,5,2.7513140604467803
2009-07-01,COL,2.158429474353217,0.9855453350854139,5,2.7513140604467803
2009-08-01,COL,2.158429474353217,0.9855453350854139,5,2.7513140604467803
2009-09-01,COL,2.158429474353217,0.9855453350854139,5,2.7513140604467803
2009-10-01,COL,2.158429474353217,0.9855453350854139,5,2.7513140604467803
2009-11-01,COL,2.158429474353217,0.9855453350854139,5,2.7513140604467803
2009-12-01,COL,2.158429474353217,0.9855453350854139,5,2.7513140604467803
2010-01-01,COL,2.158429474353217,0.9855453350854139,5,2.7513140604467803
2010-02-01,COL,2.158429474353217,0.9855453350854139,5,2.7513140604467803
2010-03-01,COL,2.158429474353217,0.9855453350854139,5,2.7513140604467803
2010-04-01,COL,2.158429474353217,0.9855453350854139,5,2.7513140604467803
2010-05-01,COL,2.1201689930322836,2.0039421813403417,6,5.992115637319316
2010-06-01,COL,2.1201689930322836,2.0039421813403417,6,5.992115637319316
2010-07-01,COL,2.1201689930322836,2.0039421813403417,6,5.992115637319316
2010-08-01,COL,2.1201689930322836,2.0039421813403417,6,5.992115637319316
2010-09-01,COL,2.1201689930322836,2.0039421813403417,6,5.992115637319316
2010-10-01,COL,2.1201689930322836,2.0039421813403417,6,5.992115637319316
2010-11-01,COL,2.0695297744128984,2.0039421813403417,7,6.000876040297853
2010-12-01,COL,2.0695297744128984,2.0039421813403417,7,6.000876040297853
2011-01-01,COL,2.0695297744128984,2.0039421813403417,7,6.000876040297853
2011-02-01,COL,2.0695297744128984,2.0039421813403417,7,6.000876040297853
2011-03-01,COL,2.0695297744128984,2.0039421813403417,7,6.000876040297853
2011-04-01,COL,2.0695297744128984,2.0039421813403417,7,6.000876040297853
2011-05-01,COL,2.0695297744128984,2.0039421813403417,7,6.000876040297853
2011-06-01,COL,2.0695297744128984,2.0039421813403417,7,6.000876040297853
2011-07-01,COL,2.0695297744128984,2.0039421813403417,7,6.000876040297853
2011-08-01,COL,2.895188264891144,4.993429697766097,8,6.424816970152055
2011-09-01,COL,2.895188264891144,4.993429697766097,9,5.7490144546649145
2011-10-01,COL,2.895188264891144,4.993429697766097,9,5.7490144546649145
2011-11-01,COL,2.895188264891144,4.993429697766097,9,5.7490144546649145
2011-12-01,COL,2.895188264891144,4.993429697766097,9,5.7490144546649145
2012-01-01,COL,2.895188264891144,4.993429697766097,9,5.7490144546649145
2012-02-01,COL,2.895188264891144,4.993429697766097,9,5.7490144546649145
2012-03-01,COL,2.895188264891144,4.993429697766097,9,5.7490144546649145
2012-04-01,COL,2.895188264891144,4.993429697766097,9,5.7490144546649145
2012-05-01,COL,2.9381428684955933,4.993429697766097,10,5.997225872390129
2012-06-01,COL,2.9381428684955933,4.993429697766097,10,5.997225872390129
2012-07-01,COL,2.9381428684955933,4.993429697766097,10,5.997225872390129
2012-08-01,COL,2.9381428684955933,4.993429697766097,10,5.997225872390129
2012-09-01,COL,2.9381428684955933,4.993429697766097,10,5.997225872390129
2012-10-01,COL,2.9381428684955933,4.993429697766097,10,5.997225872390129
2012-11-01,COL,2.9381428684955933,4.993429697766097,10,5.997225872390129
2012-12-01,COL,2.9381428684955933,4.993429697766097,9,6.496386333771353
2013-01-01,COL,2.9381428684955933,4.993429697766097,9,6.496386333771353
2013-02-01,COL,1.6846700490301272,0.9855453350854139,8,6.7110944246292465
2013-03-01,COL,1.6846700490301272,0.9855453350854139,8,6.7110944246292465
2013-04-01,COL,1.6846700490301272,0.9855453350854139,8,6.7110944246292465
2013-05-01,COL,2.9995762272665694,6.044678055190539,9,7.371057818659658
2013-06-01,COL,2.9995762272665694,6.044678055190539,9,7.371057818659658
2013-07-01,COL,2.9995762272665694,6.044678055190539,8,7.992303360240285
2013-08-01,COL,2.9995762272665694,6.044678055190539,8,7.992303360240285
2013-09-01,COL,2.9995762272665694,6.044678055190539,8,7.992303360240285
2013-10-01,COL,2.9995762272665694,6.044678055190539,7,9.160096364432762
2013-11-01,COL,1.5895240956204604,1.0183968462549278,6,7.201051248357423
2013-12-01,COL,1.5895240956204604,1.0183968462549278,6,7.201051248357423
2014-01-01,COL,1.5687910851172857,1.0183968462549278,7,7.342312746386333
2014-02-01,COL,1.5687910851172857,1.0183968462549278,7,7.342312746386333
2014-03-01,COL,1.5687910851172857,1.0183968462549278,7,7.342312746386333
2014-04-01,COL,1.5687910851172857,1.0183968462549278,7,7.342312746386333
2014-05-01,COL,1.5687910851172857,1.0183968462549278,7,7.342312746386333
2014-06-01,COL,1.5687910851172857,1.0183968462549278,7,7.342312746386333
2014-07-01,COL,1.5687910851172857,1.0183968462549278,7,7.342312746386333
2014-08-01,COL,1.5687910851172857,1.0183968462549278,7,7.342312746386333
2014-09-01,COL,1.5687910851172857,1.0183968462549278,7,7.342312746386333
2014-10-01,COL,1.5687910851172857,1.0183968462549278,7,7.342312746386333
2014-11-01,COL,1.5687910851172857,1.0183968462549278,7,7.342312746386333
2014-12-01,COL,1.5687910851172857,1.0183968462549278,7,7.342312746386333
2015-01-01,COL,1.5687910851172857,1.0183968462549278,7,7.342312746386333
2015-02-01,COL,1.5687910851172857,1.0183968462549278,7,7.342312746386333
2015-03-01,COL,1.5687910851172857,1.0183968462549278,7,7.342312746386333
2015-04-01,COL,1.5687910851172857,1.0183968462549278,7,7.342312746386333
2015-05-01,COL,1.5687910851172857,1.0183968462549278,7,7.342312746386333
2015-06-01,COL,1.5702723858962793,1.0183968462549278,6,7.601839684625491
2015-07-01,COL,1.5702723858962793,1.0183968462549278,6,7.601839684625491
2015-08-01,COL,1.5702723858962793,1.0183968462549278,6,7.601839684625491
2015-09-01,COL,1.5702723858962793,1.0183968462549278,6,7.601839684625491
2015-10-01,COL,1.5702723858962793,1.0183968462549278,6,7.601839684625491
2015-11-01,COL,1.5702723858962793,1.0183968462549278,6,7.601839684625491
2015-12-01,COL,1.6067726082993015,1.0183968462549278,5,7.260183968462549
2016-01-01,COL,1.6067726082993015,1.0183968462549278,5,7.260183968462549
2016-02-01,COL,1.6067726082993015,1.0183968462549278,5,7.260183968462549
2016-03-01,COL,1.6067726082993015,1.0183968462549278,5,7.260183968462549
2016-04-01,COL,1.6067726082993015,1.0183968462549278,5,7.260183968462549
2016-05-01,COL,1.6067726082993015,1.0183968462549278,5,7.260183968462549
2016-06-01,COL,1.6067726082993015,1.0183968462549278,5,7.260183968462549
2016-07-01,COL,1.6067726082993015,1.0183968462549278,5,7.260183968462549
2016-08-01,COL,1.6067726082993015,1.0183968462549278,5,7.260183968462549
2016-09-01,COL,,,4,9.340779675865088
2008-10-01,DOM,,,4,3.668418747262374
2008-11-01,DOM,,,4,3.668418747262374
2008-12-01,DOM,,,4,3.668418747262374
2009-01-01,DOM,,,4,3.668418747262374
2009-02-01,DOM,,,4,3.668418747262374
2009-03-01,DOM,,,4,3.668418747262374
2009-04-01,DOM,,,4,3.668418747262374
2009-05-01,DOM,,,4,3.668418747262374
2009-06-01,DOM,,,4,3.668418747262374
2009-07-01,DOM,,,4,3.668418747262374
2009-08-01,DOM,,,4,3.668418747262374
2009-09-01,DOM,,,4,3.668418747262374
2009-10-01,DOM,,,4,3.668418747262374
2009-11-01,DOM,,,4,3.668418747262374
2009-12-01,DOM,,,4,3.668418747262374
2010-01-01,DOM,,,4,3.668418747262374
2010-02-01,DOM,,,4,3.668418747262374
2010-03-01,DOM,,,4,3.668418747262374
2010-04-01,DOM,,,4,3.668418747262374
2010-05-01,DOM,1.6941681979217191,0.9855453350854139,5,7.490144546649145
2010-06-01,DOM,1.6941681979217191,0.9855453350854139,5,7.490144546649145
2010-07-01,DOM,1.6941681979217191,0.9855453350854139,5,7.490144546649145
2010-08-01,DOM,1.6941681979217191,0.9855453350854139,5,7.490144546649145
2010-09-01,DOM,1.6941681979217191,0.9855453350854139,5,7.490144546649145
2010-10-01,DOM,1.6941681979217191,0.9855453350854139,5,7.490144546649145
2010-11-01,DOM,1.6941681979217191,0.9855453350854139,5,7.490144546649145
2010-12-01,DOM,1.6941681979217191,0.9855453350854139,5,7.490144546649145
2011-01-01,DOM,1.6941681979217191,0.9855453350854139,5,7.490144546649145
2011-02-01,DOM,1.6941681979217191,0.9855453350854139,5,7.490144546649145
2011-03-01,DOM,1.6941681979217191,0.9855453350854139,5,7.490144546649145
2011-04-01,DOM,1.6941681979217191,0.9855453350854139,5,7.490144546649145
2011-05-01,DOM,1.6941681979217191,0.9855453350854139,5,7.490144546649145
2011-06-01,DOM,1.6941681979217191,0.9855453350854139,5,7.490144546649145
2011-07-01,DOM,1.6941681979217191,0.9855453350854139,5,7.490144546649145
2011-08-01,DOM,1.6941681979217191,0.9855453350854139,5,7.490144546649145
2011-09-01,DOM,1.6941681979217191,0.9855453350854139,5,7.490144546649145
2011-10-01,DOM,1.6941681979217191,0.9855453350854139,5,7.490144546649145
2011-11-01,DOM,1.6941681979217191,0.9855453350854139,5,7.490144546649145
2011-12-01,DOM,1.6941681979217191,0.9855453350854139,5,7.490144546649145
2012-01-01,DOM,1.6941681979217191,0.9855453350854139,5,7.490144546649145
2012-02-01,DOM,1.6941681979217191,0.9855453350854139,5,7.490144546649145
2012-03-01,DOM,1.6941681979217191,0.9855453350854139,5,7.490144546649145
2012-04-01,DOM,1.6941681979217191,0.9855453350854139,5,7.490144546649145
2012-05-01,DOM,1.6941681979217191,0.9855453350854139,5,7.490144546649145
2012-06-01,DOM,1.6941681979217191,0.9855453350854139,5,7.490144546649145
2012-07-01,DOM,1.6941681979217191,0.9855453350854139,5,7.490144546649145
2012-08-01,DOM,1.6941681979217191,0.9855453350854139,5,7.490144546649145
2012-09-01,DOM,1.6941681979217191,0.9855453350854139,5,7.490144546649145
2012-10-01,DOM,1.6941681979217191,0.9855453350854139,5,7.490144546649145
2012-11-01,DOM,1.6941681979217191,0.9855453350854139,5,7.490144546649145
2012-12-01,DOM,,,4,9.318878668418746
2013-01-01,DOM,,,4,9.318878668418746
2020-03-01,ECU,,,4,18.331143232588698
2020-04-01,ECU,,,4,18.331143232588698
2020-05-01,ECU,,,4,18.331143232588698
2020-06-01,ECU,,,4,18.331143232588698
2020-07-01,ECU,,,4,18.331143232588698
2020-08-01,ECU,,,4,18.331143232588698
2022-06-01,ECU,,,4,10.326325010950503
2022-07-01,ECU,,,4,10.326325010950503
2022-08-01,ECU,,,4,10.326325010950503
2022-09-01,ECU,,,4,10.326325010950503
2022-10-01,ECU,,,4,10.326325010950503
2022-11-01,ECU,,,4,10.326325010950503
2022-12-01,ECU,,,4,10.326325010950503
2023-01-01,ECU,,,4,10.326325010950503
2023-02-01,ECU,1.6030544988352546,0.9526938239159001,5,9.756898817345597
2023-03-01,ECU,1.6030544988352546,0.9526938239159001,5,9.756898817345597
2023-04-01,ECU,1.6030544988352546,0.9526938239159001,5,9.756898817345597
2023-05-01,ECU,1.6030544988352546,0.9526938239159001,5,9.756898817345597
2023-06-01,ECU,1.6030544988352546,0.9526938239159001,5,9.756898817345597
2023-07-01,ECU,1.6030544988352546,0.9526938239159001,5,9.756898817345597
2023-08-01,ECU,1.6030544988352546,0.9526938239159001,5,9.756898817345597
2023-09-01,ECU,1.6030544988352546,0.9526938239159001,5,9.756898817345597
2023-10-01,ECU,1.6030544988352546,0.9526938239159001,5,9.756898817345597
2023-11-01,ECU,1.6030544988352546,0.9526938239159001,5,9.756898817345597
2023-12-01,ECU,1.6030544988352546,0.9526938239159001,5,9.756898817345597
2024-01-01,ECU,1.6030544988352546,0.9526938239159001,5,9.756898817345597
2024-02-01,ECU,1.6030544988352546,0.9526938239159001,5,9.756898817345597
2024-03-01,ECU,1.6030544988352546,0.9526938239159001,5,9.756898817345597
2024-04-01,ECU,1.6030544988352546,0.9526938239159001,5,9.756898817345597
2024-05-01,ECU,1.6030544988352546,0.9526938239159001,5,9.756898817345597
2024-06-01,ECU,1.6030544988352546,0.9526938239159001,5,9.756898817345597
2024-07-01,ECU,1.6030544988352546,0.9526938239159001,5,9.756898817345597
2024-08-01,ECU,1.6030544988352546,0.9526938239159001,5,9.756898817345597
2024-09-01,ECU,1.6030544988352546,0.9526938239159001,5,9.756898817345597
2024-10-01,ECU,1.6030544988352546,0.9526938239159001,5,9.756898817345597
2024-11-01,ECU,1.6030544988352546,0.9526938239159001,5,9.756898817345597
2024-12-01,ECU,,,4,12.001752080595708
2025-01-01,ECU,,,4,12.001752080595708
2025-02-01,ECU,1.4594783422135391,0.9526938239159001,5,15.004927726675426
2025-03-01,ECU,,,4,19.689005694261937
2008-10-01,MEX,,,4,3.6684187472623737
2008-11-01,MEX,2.2847377831233375,0.9855453350854139,5,3.0059132720105124
2008-12-01,MEX,2.2847377831233375,0.9855453350854139,5,3.0059132720105124
2009-01-01,MEX,2.2847377831233375,0.9855453350854139,5,3.0059132720105124
2009-02-01,MEX,2.2847377831233375,0.9855453350854139,5,3.0059132720105124
2009-03-01,MEX,2.2847377831233375,0.9855453350854139,5,3.0059132720105124
2009-04-01,MEX,2.2847377831233375,0.9855453350854139,5,3.0059132720105124
2009-05-01,MEX,2.2847377831233375,0.9855453350854139,5,3.0059132720105124
2009-06-01,MEX,2.2847377831233375,0.9855453350854139,5,3.0059132720105124
2009-07-01,MEX,2.2847377831233375,0.9855453350854139,5,3.0059132720105124
2009-08-01,MEX,2.2847377831233375,0.9855453350854139,5,3.0059132720105124
2009-09-01,MEX,2.2847377831233375,0.9855453350854139,5,3.0059132720105124
2009-10-01,MEX,2.2847377831233375,0.9855453350854139,5,3.0059132720105124
2009-11-01,MEX,2.2847377831233375,0.9855453350854139,5,3.0059132720105124
2009-12-01,MEX,2.2847377831233375,0.9855453350854139,5,3.0059132720105124
2010-01-01,MEX,2.2847377831233375,0.9855453350854139,5,3.0059132720105124
2010-02-01,MEX,2.2847377831233375,0.9855453350854139,5,3.0059132720105124
2010-03-01,MEX,2.2847377831233375,0.9855453350854139,5,3.0059132720105124
2010-04-01,MEX,2.2847377831233375,0.9855453350854139,5,3.0059132720105124
2010-05-01,MEX,1.8312693751089641,0.9855453350854139,6,5.9921156373193165
2010-06-01,MEX,1.8312693751089641,0.9855453350854139,6,5.9921156373193165
2010-07-01,MEX,1.8312693751089641,0.9855453350854139,6,5.9921156373193165
2010-08-01,MEX,1.8312693751089641,0.9855453350854139,6,5.9921156373193165
2010-09-01,MEX,1.8312693751089641,0.9855453350854139,6,5.9921156373193165
2010-10-01,MEX,1.8312693751089641,0.9855453350854139,6,5.9921156373193165
2010-11-01,MEX,1.7664170584152,0.9855453350854139,7,6.000876040297854
2010-12-01,MEX,1.7664170584152,0.9855453350854139,7,6.000876040297854
2011-01-01,MEX,1.7664170584152,0.9855453350854139,7,6.000876040297854
2011-02-01,MEX,1.7664170584152,0.9855453350854139,7,6.000876040297854
2011-03-01,MEX,1.7664170584152,0.9855453350854139,7,6.000876040297854
2011-04-01,MEX,1.7664170584152,0.9855453350854139,7,6.000876040297854
2011-05-01,MEX,1.7664170584152,0.9855453350854139,7,6.000876040297854
2011-06-01,MEX,1.7664170584152,0.9855453350854139,7,6.000876040297854
2011-07-01,MEX,1.7664170584152,0.9855453350854139,7,6.000876040297854
2011-08-01,MEX,1.6974257884559731,0.9855453350854139,8,6.424816970152055
2011-09-01,MEX,1.7944625950268414,0.9855453350854139,9,5.7490144546649145
2011-10-01,MEX,1.7944625950268414,0.9855453350854139,9,5.7490144546649145
2011-11-01,MEX,1.7944625950268414,0.9855453350854139,9,5.7490144546649145
2011-12-01,MEX,1.7944625950268414,0.9855453350854139,9,5.7490144546649145
2012-01-01,MEX,1.7944625950268414,0.9855453350854139,9,5.7490144546649145
2012-02-01,MEX,1.7944625950268414,0.9855453350854139,9,5.7490144546649145
2012-03-01,MEX,1.7944625950268414,0.9855453350854139,9,5.7490144546649145
2012-04-01,MEX,1.7944625950268414,0.9855453350854139,9,5.7490144546649145
2012-05-01,MEX,1.7400363923560622,0.9855453350854139,10,5.997225872390129
2012-06-01,MEX,1.7400363923560622,0.9855453350854139,10,5.997225872390129
2012-07-01,MEX,1.7400363923560622,0.9855453350854139,10,5.997225872390129
2012-08-01,MEX,1.7400363923560622,0.9855453350854139,10,5.997225872390129
2012-09-01,MEX,1.7400363923560622,0.9855453350854139,10,5.997225872390129
2012-10-01,MEX,1.7400363923560622,0.9855453350854139,10,5.997225872390129
2012-11-01,MEX,1.7400363923560622,0.9855453350854139,10,5.997225872390129
2012-12-01,MEX,1.7842007631951664,0.9855453350854139,9,5.872207621550591
2013-01-01,MEX,1.7842007631951664,0.9855453350854139,9,5.872207621550591
2013-02-01,MEX,1.7842007631951664,0.9855453350854139,9,5.872207621550591
2013-03-01,MEX,1.7842007631951664,0.9855453350854139,9,5.872207621550591
2013-04-01,MEX,1.7842007631951664,0.9855453350854139,9,5.872207621550591
2013-05-01,MEX,1.7842007631951664,0.9855453350854139,9,5.872207621550591
2013-06-01,MEX,1.7842007631951664,0.9855453350854139,9,5.872207621550591
2013-07-01,MEX,1.7708505642238115,0.9855453350854139,8,6.279331706401352
2013-08-01,MEX,1.7708505642238115,0.9855453350854139,8,6.279331706401352
2013-09-01,MEX,1.7708505642238115,0.9855453350854139,8,6.279331706401352
2013-10-01,MEX,1.6753608758300325,1.0183968462549278,7,7.1616294349540075
2013-11-01,MEX,1.5628007298583604,1.0183968462549278,6,8.390275952693823
2013-12-01,MEX,1.6649480659798588,1.0183968462549278,5,6.003613666228645
2014-01-01,MEX,1.5558656584698332,1.0183968462549278,6,8.8107752956636
2014-02-01,MEX,1.5558656584698332,1.0183968462549278,6,8.8107752956636
2014-03-01,MEX,1.5558656584698332,1.0183968462549278,6,8.8107752956636
2014-04-01,MEX,1.5558656584698332,1.0183968462549278,6,8.8107752956636
2014-05-01,MEX,1.5558656584698332,1.0183968462549278,6,8.8107752956636
2014-06-01,MEX,1.5558656584698332,1.0183968462549278,6,8.8107752956636
2014-07-01,MEX,1.5558656584698332,1.0183968462549278,6,8.8107752956636
2014-08-01,MEX,1.5558656584698332,1.0183968462549278,6,8.8107752956636
2014-09-01,MEX,1.5558656584698332,1.0183968462549278,6,8.8107752956636
2014-10-01,MEX,1.5558656584698332,1.0183968462549278,6,8.8107752956636
2014-11-01,MEX,1.5558656584698332,1.0183968462549278,6,8.8107752956636
2014-12-01,MEX,1.5558656584698332,1.0183968462549278,6,8.8107752956636
2015-01-01,MEX,2.956069404922135,6.044678055190539,7,9.340779675865088
2015-02-01,MEX,2.956069404922135,6.044678055190539,7,9.340779675865088
2015-03-01,MEX,2.956069404922135,6.044678055190539,7,9.340779675865088
2015-04-01,MEX,2.956069404922135,6.044678055190539,7,9.340779675865088
2015-05-01,MEX,2.956069404922135,6.044678055190539,7,9.340779675865088
2015-06-01,MEX,1.5165320882404356,1.0183968462549278,6,9.999999999999998
2015-07-01,MEX,1.5165320882404356,1.0183968462549278,6,9.999999999999998
2015-08-01,MEX,1.5165320882404356,1.0183968462549278,6,9.999999999999998
2015-09-01,MEX,1.5165320882404356,1.0183968462549278,6,9.999999999999998
2015-10-01,MEX,1.5165320882404356,1.0183968462549278,6,9.999999999999998
2015-11-01,MEX,1.5165320882404356,1.0183968462549278,6,9.999999999999998
2015-12-01,MEX,1.5330166403852894,1.0183968462549278,5,10.257884362680683
2016-01-01,MEX,1.5330166403852894,1.0183968462549278,5,10.257884362680683
2016-02-01,MEX,1.5330166403852894,1.0183968462549278,5,10.257884362680683
2016-03-01,MEX,1.5330166403852894,1.0183968462549278,5,10.257884362680683
2016-04-01,MEX,1.5330166403852894,1.0183968462549278,5,10.257884362680683
2016-05-01,MEX,1.5330166403852894,1.0183968462549278,5,10.257884362680683
2016-06-01,MEX,1.5330166403852894,1.0183968462549278,5,10.257884362680683
2016-07-01,MEX,1.5330166403852894,1.0183968462549278,5,10.257884362680683
2016-08-01,MEX,1.5330166403852894,1.0183968462549278,5,10.257884362680683
2016-09-01,MEX,,,4,13.3377135348226
2022-06-01,MEX,,,4,14.662724485326327
2022-07-01,MEX,,,4,14.662724485326327
2022-08-01,MEX,,,4,14.662724485326327
2022-09-01,MEX,,,4,14.662724485326327
2022-10-01,MEX,,,4,14.662724485326327
2022-11-01,MEX,,,4,14.662724485326327
2022-12-01,MEX,,,4,14.662724485326327
2023-01-01,MEX,,,4,14.662724485326327
2023-02-01,MEX,,,4,14.662724485326327
2023-03-01,MEX,,,4,14.662724485326327
2023-04-01,MEX,,,4,14.662724485326327
2023-05-01,MEX,,,4,14.662724485326327
2023-06-01,MEX,,,4,14.662724485326327
2023-07-01,MEX,,,4,14.662724485326327
2023-08-01,MEX,,,4,14.662724485326327
2023-09-01,MEX,,,4,14.662724485326327
2023-10-01,MEX,,,4,14.662724485326327
2008-09-01,PAN,,,4,3.339903635567236
2008-10-01,PAN,2.158429474353217,0.9855453350854139,5,2.7513140604467803
2008-11-01,PAN,2.158429474353217,0.9855453350854139,5,2.7513140604467803
2008-12-01,PAN,2.158429474353217,0.9855453350854139,5,2.7513140604467803
2009-01-01,PAN,2.158429474353217,0.9855453350854139,5,2.7513140604467803
2009-02-01,PAN,2.158429474353217,0.9855453350854139,5,2.7513140604467803
2009-03-01,PAN,2.158429474353217,0.9855453350854139,5,2.7513140604467803
2009-04-01,PAN,2.158429474353217,0.9855453350854139,5,2.7513140604467803
2009-05-01,PAN,2.158429474353217,0.9855453350854139,5,2.7513140604467803
2009-06-01,PAN,2.158429474353217,0.9855453350854139,5,2.7513140604467803
2009-07-01,PAN,2.158429474353217,0.9855453350854139,5,2.7513140604467803
2009-08-01,PAN,2.158429474353217,0.9855453350854139,5,2.7513140604467803
2009-09-01,PAN,2.158429474353217,0.9855453350854139,5,2.7513140604467803
2009-10-01,PAN,2.158429474353217,0.9855453350854139,5,2.7513140604467803
2009-11-01,PAN,2.158429474353217,0.9855453350854139,5,2.7513140604467803
2009-12-01,PAN,2.158429474353217,0.9855453350854139,5,2.7513140604467803
2010-01-01,PAN,2.1984189631556568,2.0039421813403417,6,5.2036793692509855
2010-02-01,PAN,2.1984189631556568,2.0039421813403417,6,5.2036793692509855
2010-03-01,PAN,2.1984189631556568,2.0039421813403417,6,5.2036793692509855
2010-04-01,PAN,2.1984189631556568,2.0039421813403417,6,5.2036793692509855
2010-05-01,PAN,2.1984189631556568,2.0039421813403417,6,5.2036793692509855
2010-06-01,PAN,2.1984189631556568,2.0039421813403417,6,5.2036793692509855
2010-07-01,PAN,2.1984189631556568,2.0039421813403417,6,5.2036793692509855
2010-08-01,PAN,2.1984189631556568,2.0039421813403417,6,5.2036793692509855
2010-09-01,PAN,2.1984189631556568,2.0039421813403417,6,5.2036793692509855
2010-10-01,PAN,2.1984189631556568,2.0039421813403417,6,5.2036793692509855
2010-11-01,PAN,2.011350439891374,2.0039421813403417,7,6.000876040297854
2010-12-01,PAN,2.011350439891374,2.0039421813403417,7,6.000876040297854
2011-01-01,PAN,2.011350439891374,2.0039421813403417,7,6.000876040297854
2011-02-01,PAN,2.011350439891374,2.0039421813403417,7,6.000876040297854
2011-03-01,PAN,2.011350439891374,2.0039421813403417,7,6.000876040297854
2011-04-01,PAN,2.011350439891374,2.0039421813403417,7,6.000876040297854
2011-05-01,PAN,2.011350439891374,2.0039421813403417,7,6.000876040297854
2011-06-01,PAN,2.011350439891374,2.0039421813403417,7,6.000876040297854
2011-07-01,PAN,2.011350439891374,2.0039421813403417,7,6.000876040297854
2011-08-01,PAN,1.6541724978145913,0.9855453350854139,8,6.424816970152055
2011-09-01,PAN,1.745341750382829,0.9855453350854139,9,5.7490144546649145
2011-10-01,PAN,1.745341750382829,0.9855453350854139,9,5.7490144546649145
2011-11-01,PAN,1.745341750382829,0.9855453350854139,9,5.7490144546649145
2011-12-01,PAN,1.745341750382829,0.9855453350854139,9,5.7490144546649145
2012-01-01,PAN,1.745341750382829,0.9855453350854139,9,5.7490144546649145
2012-02-01,PAN,1.745341750382829,0.9855453350854139,9,5.7490144546649145
2012-03-01,PAN,1.745341750382829,0.9855453350854139,9,5.7490144546649145
2012-04-01,PAN,1.745341750382829,0.9855453350854139,9,5.7490144546649145
2012-05-01,PAN,1.7017436918789874,0.9855453350854139,10,5.997225872390129
2012-06-01,PAN,1.7017436918789874,0.9855453350854139,10,5.997225872390129
2012-07-01,PAN,1.7017436918789874,0.9855453350854139,10,5.997225872390129
2012-08-01,PAN,1.7017436918789874,0.9855453350854139,10,5.997225872390129
2012-09-01,PAN,1.7017436918789874,0.9855453350854139,10,5.997225872390129
2012-10-01,PAN,1.7017436918789874,0.9855453350854139,10,5.997225872390129
2012-11-01,PAN,1.7017436918789874,0.9855453350854139,10,5.997225872390129
2012-12-01,PAN,1.6603101382099152,0.9855453350854139,9,6.496386333771354
2013-01-01,PAN,1.6603101382099152,0.9855453350854139,9,6.496386333771354
2013-02-01,PAN,1.6671218456563492,0.9855453350854139,8,6.7110944246292465
2013-03-01,PAN,1.6671218456563492,0.9855453350854139,8,6.7110944246292465
2013-04-01,PAN,1.6671218456563492,0.9855453350854139,8,6.7110944246292465
2013-05-01,PAN,1.6671218456563492,0.9855453350854139,8,6.7110944246292465
2013-06-01,PAN,1.6119458257355557,0.9855453350854139,9,7.498357424441524
2013-07-01,PAN,1.585653425900738,0.9855453350854139,8,8.13778862399099
2013-08-01,PAN,1.585653425900738,0.9855453350854139,8,8.13778862399099
2013-09-01,PAN,1.585653425900738,0.9855453350854139,8,8.13778862399099
2013-10-01,PAN,1.5103897263624972,1.0183968462549278,7,9.329829172141919
2013-11-01,PAN,1.5515703778667138,1.0183968462549278,6,8.193166885676742
2013-12-01,PAN,1.5515703778667138,1.0183968462549278,6,8.193166885676742
2014-01-01,PAN,1.5515703778667138,1.0183968462549278,6,8.193166885676742
2014-02-01,PAN,1.5515703778667138,1.0183968462549278,6,8.193166885676742
2014-03-01,PAN,1.5515703778667138,1.0183968462549278,6,8.193166885676742
2014-04-01,PAN,1.5515703778667138,1.0183968462549278,6,8.193166885676742
2014-05-01,PAN,1.5515703778667138,1.0183968462549278,6,8.193166885676742
2014-06-01,PAN,1.5515703778667138,1.0183968462549278,6,8.193166885676742
2014-07-01,PAN,1.5515703778667138,1.0183968462549278,6,8.193166885676742
2014-08-01,PAN,1.5515703778667138,1.0183968462549278,6,8.193166885676742
2014-09-01,PAN,1.5515703778667138,1.0183968462549278,6,8.193166885676742
2014-10-01,PAN,1.5515703778667138,1.0183968462549278,6,8.193166885676742
2014-11-01,PAN,1.5515703778667138,1.0183968462549278,6,8.193166885676742
2014-12-01,PAN,1.5515703778667138,1.0183968462549278,6,8.193166885676742
2015-01-01,PAN,1.5515703778667138,1.0183968462549278,6,8.193166885676742
2015-02-01,PAN,1.5897977519469095,1.0183968462549278,5,7.744743758212877
2015-03-01,PAN,1.5897977519469095,1.0183968462549278,5,7.744743758212877
2015-04-01,PAN,1.5897977519469095,1.0183968462549278,5,7.744743758212877
2015-05-01,PAN,1.5897977519469095,1.0183968462549278,5,7.744743758212877
2015-06-01,PAN,1.5897977519469095,1.0183968462549278,5,7.744743758212877
2015-07-01,PAN,1.5897977519469095,1.0183968462549278,5,7.744743758212877
2015-08-01,PAN,1.5897977519469095,1.0183968462549278,5,7.744743758212877
2015-09-01,PAN,1.5897977519469095,1.0183968462549278,5,7.744743758212877
2015-10-01,PAN,1.5897977519469095,1.0183968462549278,5,7.744743758212877
2015-11-01,PAN,1.5897977519469095,1.0183968462549278,5,7.744743758212877
2015-12-01,PAN,,,4,7.336837494524748
2016-01-01,PAN,,,4,7.336837494524748
2016-02-01,PAN,,,4,7.336837494524748
2016-03-01,PAN,,,4,7.336837494524748
2016-04-01,PAN,,,4,7.336837494524748
2016-05-01,PAN,,,4,7.336837494524748
2016-06-01,PAN,,,4,7.336837494524748
2016-07-01,PAN,,,4,7.336837494524748
2016-08-01,PAN,,,4,7.336837494524748
2008-10-01,PER,,,4,3.6684187472623737
2008-11-01,PER,,,4,3.6684187472623737
2008-12-01,PER,,,4,3.6684187472623737
2009-01-01,PER,,,4,3.6684187472623737
2009-02-01,PER,,,4,3.6684187472623737
2009-03-01,PER,,,4,3.6684187472623737
2009-04-01,PER,,,4,3.6684187472623737
2009-05-01,PER,,,4,3.6684187472623737
2009-06-01,PER,,,4,3.6684187472623737
2009-07-01,PER,,,4,3.6684187472623737
2009-08-01,PER,,,4,3.6684187472623737
2009-09-01,PER,,,4,3.6684187472623737
2009-10-01,PER,,,4,3.6684187472623737
2009-11-01,PER,,,4,3.6684187472623737
2009-12-01,PER,,,4,3.6684187472623737
2010-01-01,PER,1.689159454235814,0.9855453350854139,5,6.504599211563732
2010-02-01,PER,1.689159454235814,0.9855453350854139,5,6.504599211563732
2010-03-01,PER,1.689159454235814,0.9855453350854139,5,6.504599211563732
2010-04-01,PER,1.689159454235814,0.9855453350854139,5,6.504599211563732
2010-05-01,PER,2.477049475142744,3.0223390275952693,6,5.9921156373193165
2010-06-01,PER,2.477049475142744,3.0223390275952693,6,5.9921156373193165
2010-07-01,PER,2.477049475142744,3.0223390275952693,6,5.9921156373193165
2010-08-01,PER,2.477049475142744,3.0223390275952693,6,5.9921156373193165
2010-09-01,PER,2.477049475142744,3.0223390275952693,6,5.9921156373193165
2010-10-01,PER,2.477049475142744,3.0223390275952693,6,5.9921156373193165
2010-11-01,PER,2.470048317332351,3.0223390275952693,7,6.000876040297854
2010-12-01,PER,2.470048317332351,3.0223390275952693,7,6.000876040297854
2011-01-01,PER,2.470048317332351,3.0223390275952693,7,6.000876040297854
2011-02-01,PER,2.470048317332351,3.0223390275952693,7,6.000876040297854
2011-03-01,PER,2.470048317332351,3.0223390275952693,7,6.000876040297854
2011-04-01,PER,2.946870541572403,3.9421813403416555,8,5.852262061197672
2011-05-01,PER,2.946870541572403,3.9421813403416555,8,5.852262061197672
2011-06-01,PER,2.946870541572403,3.9421813403416555,8,5.852262061197672
2011-07-01,PER,2.946870541572403,3.9421813403416555,8,5.852262061197672
2011-08-01,PER,2.946870541572403,3.9421813403416555,8,5.852262061197672
2011-09-01,PER,2.588962845106902,3.0223390275952693,9,5.7490144546649145
2011-10-01,PER,2.588962845106902,3.0223390275952693,9,5.7490144546649145
2011-11-01,PER,2.588962845106902,3.0223390275952693,9,5.7490144546649145
2011-12-01,PER,2.588962845106902,3.0223390275952693,9,5.7490144546649145
2012-01-01,PER,2.588962845106902,3.0223390275952693,9,5.7490144546649145
2012-02-01,PER,2.588962845106902,3.0223390275952693,9,5.7490144546649145
2012-03-01,PER,2.588962845106902,3.0223390275952693,9,5.7490144546649145
2012-04-01,PER,2.588962845106902,3.0223390275952693,9,5.7490144546649145
2012-05-01,PER,2.9904797859454626,3.9421813403416555,10,5.997225872390129
2012-06-01,PER,2.9904797859454626,3.9421813403416555,10,5.997225872390129
2012-07-01,PER,2.9904797859454626,3.9421813403416555,10,5.997225872390129
2012-08-01,PER,2.9904797859454626,3.9421813403416555,10,5.997225872390129
2012-09-01,PER,2.9904797859454626,3.9421813403416555,10,5.997225872390129
2012-10-01,PER,2.9904797859454626,3.9421813403416555,10,5.997225872390129
2012-11-01,PER,2.9904797859454626,3.9421813403416555,10,5.997225872390129
2012-12-01,PER,2.5428157950846373,3.0223390275952693,9,5.872207621550592
2013-01-01,PER,2.5428157950846373,3.0223390275952693,9,5.872207621550592
2013-02-01,PER,2.5428157950846373,3.0223390275952693,9,5.872207621550592
2013-03-01,PER,2.5428157950846373,3.0223390275952693,9,5.872207621550592
2013-04-01,PER,2.5428157950846373,3.0223390275952693,9,5.872207621550592
2013-05-01,PER,2.5428157950846373,3.0223390275952693,9,5.872207621550592
2013-06-01,PER,2.6921037788989417,3.9421813403416555,10,6.665206599503578
2013-07-01,PER,2.6921037788989417,3.9421813403416555,9,7.120565045992115
2013-08-01,PER,2.6921037788989417,3.9421813403416555,9,7.120565045992115
2013-09-01,PER,2.6921037788989417,3.9421813403416555,9,7.120565045992115
2013-10-01,PER,2.6921037788989417,3.9421813403416555,8,7.996996433264501
2013-11-01,PER,3.0,6.044678055190539,7,6.827639071397285
2013-12-01,PER,3.0,6.044678055190539,7,6.827639071397285
2014-01-01,PER,3.0,7.030223390275952,8,6.856579688379951
2014-02-01,PER,3.0,7.030223390275952,8,6.856579688379951
2014-03-01,PER,3.0,7.030223390275952,8,6.856579688379951
2014-04-01,PER,3.0,7.030223390275952,8,6.856579688379951
2014-05-01,PER,3.0,7.030223390275952,8,6.856579688379951
2014-06-01,PER,3.0,7.030223390275952,8,6.856579688379951
2014-07-01,PER,3.0,7.030223390275952,8,6.856579688379951
2014-08-01,PER,3.0,7.030223390275952,8,6.856579688379951
2014-09-01,PER,3.0,7.030223390275952,8,6.856579688379951
2014-10-01,PER,3.0,7.030223390275952,8,6.856579688379951
2014-11-01,PER,3.0,7.030223390275952,8,6.856579688379951
2014-12-01,PER,3.0,7.030223390275952,8,6.856579688379951
2015-01-01,PER,3.0,7.030223390275952,8,6.856579688379951
2015-02-01,PER,3.0,7.030223390275952,7,7.342312746386334
2015-03-01,PER,3.0,7.030223390275952,7,7.342312746386334
2015-04-01,PER,3.0,7.030223390275952,7,7.342312746386334
2015-05-01,PER,3.0,7.030223390275952,7,7.342312746386334
2015-06-01,PER,3.0,7.030223390275952,6,7.601839684625491
2015-07-01,PER,3.0,7.030223390275952,6,7.601839684625491
2015-08-01,PER,3.0,7.030223390275952,6,7.601839684625491
2015-09-01,PER,3.0,7.030223390275952,6,7.601839684625491
2015-10-01,PER,3.0,7.030223390275952,6,7.601839684625491
2015-11-01,PER,3.0,7.030223390275952,6,7.601839684625491
2015-12-01,PER,3.0,7.030223390275952,5,8.26215505913272
2016-01-01,PER,3.0,7.030223390275952,5,8.26215505913272
2016-02-01,PER,3.0,7.030223390275952,5,8.26215505913272
2016-03-01,PER,3.0,7.030223390275952,5,8.26215505913272
2016-04-01,PER,3.0,7.030223390275952,5,8.26215505913272
2016-05-01,PER,,,4,9.34077967586509
2016-06-01,PER,,,4,9.34077967586509
2016-07-01,PER,,,4,9.34077967586509
2016-08-01,PER,,,4,9.34077967586509
2016-09-01,PER,,,4,9.34077967586509
2022-04-01,PER,,,4,8.6508979413053
2022-05-01,PER,,,4,8.6508979413053
2022-06-01,PER,,,4,8.6508979413053
2022-07-01,PER,,,4,8.6508979413053
2022-08-01,PER,,,4,8.6508979413053
2022-09-01,PER,,,4,8.6508979413053
2022-10-01,PER,,,4,8.6508979413053
2022-11-01,PER,,,4,8.6508979413053
2022-12-01,PER,,,4,8.6508979413053
2023-01-01,PER,,,4,8.6508979413053
2023-02-01,PER,,,4,8.6508979413053
2023-03-01,PER,,,4,8.6508979413053
2023-04-01,PER,,,4,8.6508979413053
2023-05-01,PER,,,4,8.6508979413053
2023-06-01,PER,,,4,8.6508979413053
2023-07-01,PER,,,4,8.6508979413053
2023-08-01,PER,,,4,8.6508979413053
2023-09-01,PER,,,4,8.6508979413053
2023-10-01,PER,,,4,8.6508979413053
2023-11-01,PER,,,4,8.6508979413053
2023-12-01,PER,,,4,8.6508979413053
2024-01-01,PER,,,4,8.6508979413053
2024-02-01,PER,,,4,8.6508979413053
2024-03-01,PER,,,4,8.6508979413053
2024-04-01,PER,,,4,8.6508979413053
2024-05-01,PER,,,4,8.6508979413053
2024-06-01,PER,,,4,8.6508979413053
2024-07-01,PER,,,4,8.6508979413053
2024-08-01,PER,,,4,8.6508979413053
2024-09-01,PER,,,4,8.6508979413053
2024-10-01,PER,,,4,8.6508979413053
2024-11-01,PER,,,4,8.6508979413053
2024-12-01,PER,,,4,8.6508979413053
2025-01-01,PER,,,4,8.6508979413053
2025-02-01,PER,,,4,8.6508979413053
2008-10-01,SLV,,,4,3.6684187472623737
2008-11-01,SLV,,,4,3.6684187472623737
2008-12-01,SLV,,,4,3.6684187472623737
2009-01-01,SLV,,,4,3.6684187472623737
2009-02-01,SLV,,,4,3.6684187472623737
2009-03-01,SLV,,,4,3.6684187472623737
2009-04-01,SLV,,,4,3.6684187472623737
2009-05-01,SLV,,,4,3.6684187472623737
2009-06-01,SLV,,,4,3.6684187472623737
2009-07-01,SLV,,,4,3.6684187472623737
2009-08-01,SLV,,,4,3.6684187472623737
2009-09-01,SLV,,,4,3.6684187472623737
2009-10-01,SLV,,,4,3.6684187472623737
2009-11-01,SLV,,,4,3.6684187472623737
2009-12-01,SLV,,,4,3.6684187472623737
2010-01-01,SLV,,,4,3.6684187472623737
2010-02-01,SLV,,,4,3.6684187472623737
2010-03-01,SLV,,,4,3.6684187472623737
2010-04-01,SLV,,,4,3.6684187472623737
2010-05-01,SLV,1.6625444405682686,0.9855453350854139,5,7.4901445466491445
2010-06-01,SLV,1.6625444405682686,0.9855453350854139,5,7.4901445466491445
2010-07-01,SLV,1.6625444405682686,0.9855453350854139,5,7.4901445466491445
2010-08-01,SLV,1.6625444405682686,0.9855453350854139,5,7.4901445466491445
2010-09-01,SLV,1.6625444405682686,0.9855453350854139,5,7.4901445466491445
2010-10-01,SLV,1.6625444405682686,0.9855453350854139,5,7.4901445466491445
2010-11-01,SLV,1.6625444405682686,0.9855453350854139,5,7.4901445466491445
2010-12-01,SLV,1.6625444405682686,0.9855453350854139,5,7.4901445466491445
2011-01-01,SLV,1.6625444405682686,0.9855453350854139,5,7.4901445466491445
2011-02-01,SLV,1.6625444405682686,0.9855453350854139,5,7.4901445466491445
2011-03-01,SLV,1.6625444405682686,0.9855453350854139,5,7.4901445466491445
2011-04-01,SLV,1.6625444405682686,0.9855453350854139,5,7.4901445466491445
2011-05-01,SLV,1.6625444405682686,0.9855453350854139,5,7.4901445466491445
2011-06-01,SLV,1.6625444405682686,0.9855453350854139,5,7.4901445466491445
2011-07-01,SLV,1.6625444405682686,0.9855453350854139,5,7.4901445466491445
2011-08-01,SLV,1.6625444405682686,0.9855453350854139,5,7.4901445466491445
2011-09-01,SLV,1.5664792334016557,0.9855453350854139,6,9.198423127463863
2011-10-01,SLV,1.5664792334016557,0.9855453350854139,6,9.198423127463863
2011-11-01,SLV,1.5664792334016557,0.9855453350854139,6,9.198423127463863
2011-12-01,SLV,1.5664792334016557,0.9855453350854139,6,9.198423127463863
2012-01-01,SLV,1.5664792334016557,0.9855453350854139,6,9.198423127463863
2012-02-01,SLV,1.5664792334016557,0.9855453350854139,6,9.198423127463863
2012-03-01,SLV,1.5664792334016557,0.9855453350854139,6,9.198423127463863
2012-04-01,SLV,1.5664792334016557,0.9855453350854139,6,9.198423127463863
2012-05-01,SLV,1.5664792334016557,0.9855453350854139,6,9.198423127463863
2012-06-01,SLV,1.5664792334016557,0.9855453350854139,6,9.198423127463863
2012-07-01,SLV,1.5664792334016557,0.9855453350854139,6,9.198423127463863
2012-08-01,SLV,1.5664792334016557,0.9855453350854139,6,9.198423127463863
2012-09-01,SLV,1.5664792334016557,0.9855453350854139,6,9.198423127463863
2012-10-01,SLV,1.5664792334016557,0.9855453350854139,6,9.198423127463863
2012-11-01,SLV,1.5664792334016557,0.9855453350854139,6,9.198423127463863
2012-12-01,SLV,1.5825507888419126,0.9855453350854139,5,9.74868593955322
2013-01-01,SLV,1.5825507888419126,0.9855453350854139,5,9.74868593955322
2013-02-01,SLV,1.5825507888419126,0.9855453350854139,5,9.74868593955322
2013-03-01,SLV,1.5825507888419126,0.9855453350854139,5,9.74868593955322
2013-04-01,SLV,1.5825507888419126,0.9855453350854139,5,9.74868593955322
2013-05-01,SLV,1.5825507888419126,0.9855453350854139,5,9.74868593955322
2013-06-01,SLV,1.5825507888419126,0.9855453350854139,5,9.74868593955322
2013-07-01,SLV,,,4,11.990801576872537
2013-08-01,SLV,,,4,11.990801576872537
2013-09-01,SLV,,,4,11.990801576872537
2021-09-01,SLV,,,4,19.327639071397286
2021-10-01,SLV,,,4,19.327639071397286
2021-11-01,SLV,1.738392592411943,2.0039421813403417,5,14.99671484888305
2021-12-01,SLV,,,4,6.6798072711344725
2022-01-01,SLV,,,4,6.6798072711344725
2022-02-01,SLV,,,4,6.6798072711344725
2022-03-01,SLV,,,4,6.6798072711344725
2022-04-01,SLV,2.2007936481451265,2.0039421813403417,5,6.25
2022-05-01,SLV,2.2007936481451265,2.0039421813403417,5,6.25
2022-06-01,SLV,2.2007936481451265,2.0039421813403417,5,6.25
2022-07-01,SLV,2.2007936481451265,2.0039421813403417,5,6.25
2022-08-01,SLV,2.2007936481451265,2.0039421813403417,5,6.25
2022-09-01,SLV,2.2007936481451265,2.0039421813403417,5,6.25
2022-10-01,SLV,2.2007936481451265,2.0039421813403417,5,6.25
2022-11-01,SLV,2.2007936481451265,2.0039421813403417,5,6.25
2022-12-01,SLV,2.2007936481451265,2.0039421813403417,5,6.25
2023-01-01,SLV,2.2007936481451265,2.0039421813403417,5,6.25
2023-02-01,SLV,2.2007936481451265,2.0039421813403417,5,6.25
2023-03-01,SLV,2.2007936481451265,2.0039421813403417,5,6.25
2023-04-01,SLV,2.2007936481451265,2.0039421813403417,5,6.25
2023-05-01,SLV,2.2007936481451265,2.0039421813403417,5,6.25
2023-06-01,SLV,2.2007936481451265,2.0039421813403417,5,6.25
2023-07-01,SLV,2.2007936481451265,2.0039421813403417,5,6.25
2023-08-01,SLV,2.2007936481451265,2.0039421813403417,5,6.25
2023-09-01,SLV,2.2007936481451265,2.0039421813403417,5,6.25
2023-10-01,SLV,2.2007936481451265,2.0039421813403417,5,6.25
2023-11-01,SLV,2.2007936481451265,2.0039421813403417,5,6.25
2023-12-01,SLV,2.2007936481451265,2.0039421813403417,5,6.25
2024-01-01,SLV,2.2007936481451265,2.0039421813403417,5,6.25
2024-02-01,SLV,2.2007936481451265,2.0039421813403417,5,6.25
2024-03-01,SLV,2.2007936481451265,2.0039421813403417,5,6.25
2024-04-01,SLV,2.2007936481451265,2.0039421813403417,5,6.25
2024-05-01,SLV,2.2007936481451265,2.0039421813403417,5,6.25
2024-06-01,SLV,2.2007936481451265,2.0039421813403417,5,6.25
2024-07-01,SLV,2.2007936481451265,2.0039421813403417,5,6.25
2024-08-01,SLV,2.2007936481451265,2.0039421813403417,5,6.25
2024-09-01,SLV,2.2007936481451265,2.0039421813403417,5,6.25
2024-10-01,SLV,2.2007936481451265,2.0039421813403417,5,6.25
2024-11-01,SLV,2.2007936481451265,2.0039421813403417,5,6.25
2024-12-01,SLV,2.2007936481451265,2.0039421813403417,5,6.25
2025-01-01,SLV,2.2007936481451265,2.0039421813403417,5,6.25
2025-02-01,SLV,2.2007936481451265,2.0039421813403417,5,6.25
2025-03-01,SLV,2.2007936481451265,2.0039421813403417,5,6.25
2025-04-01,SLV,,,4,3.328953131844065
2025-05-01,SLV,,,4,3.328953131844065
2025-06-01,SLV,,,4,3.328953131844065
2025-07-01,SLV,,,4,3.328953131844065
2025-08-01,SLV,,,4,3.328953131844065
2025-09-01,SLV,,,4,3.328953131844065
2025-10-01,SLV,,,4,3.328953131844065
2025-11-01,SLV,,,4,3.328953131844065
2025-12-01,SLV,,,4,3.328953131844065
2026-01-01,SLV,,,4,3.328953131844065
2026-02-01,SLV,,,4,3.328953131844065
2026-03-01,SLV,,,4,3.328953131844065
2026-04-01,SLV,,,4,3.328953131844065
2010-05-01,URY,,,4,9.986859395532193
2010-06-01,URY,,,4,9.986859395532193
2010-07-01,URY,,,4,9.986859395532193
2010-08-01,URY,,,4,9.986859395532193
2010-09-01,URY,,,4,9.986859395532193
2010-10-01,URY,,,4,9.986859395532193
2010-11-01,URY,,,4,9.986859395532193
2010-12-01,URY,,,4,9.986859395532193
2011-01-01,URY,,,4,9.986859395532193
2011-02-01,URY,,,4,9.986859395532193
2011-03-01,URY,,,4,9.986859395532193
2011-04-01,URY,,,4,9.986859395532193
2011-05-01,URY,,,4,9.986859395532193
2011-06-01,URY,,,4,9.986859395532193
2011-07-01,URY,,,4,9.986859395532193
2011-08-01,URY,,,4,9.986859395532193
2011-09-01,URY,1.4959777872906908,0.9855453350854139,5,11.498028909329829
2011-10-01,URY,1.4959777872906908,0.9855453350854139,5,11.498028909329829
2011-11-01,URY,1.4959777872906908,0.9855453350854139,5,11.498028909329829
2011-12-01,URY,1.4959777872906908,0.9855453350854139,5,11.498028909329829
2012-01-01,URY,1.4959777872906908,0.9855453350854139,5,11.498028909329829
2012-02-01,URY,1.4959777872906908,0.9855453350854139,5,11.498028909329829
2012-03-01,URY,1.4959777872906908,0.9855453350854139,5,11.498028909329829
2012-04-01,URY,1.4959777872906908,0.9855453350854139,5,11.498028909329829
2012-05-01,URY,1.492283875309136,0.9855453350854139,6,10.795006570302233
2012-06-01,URY,1.492283875309136,0.9855453350854139,6,10.795006570302233
2012-07-01,URY,1.492283875309136,0.9855453350854139,6,10.795006570302233
2012-08-01,URY,1.492283875309136,0.9855453350854139,6,10.795006570302233
2012-09-01,URY,1.492283875309136,0.9855453350854139,6,10.795006570302233
2012-10-01,URY,1.492283875309136,0.9855453350854139,6,10.795006570302233
2012-11-01,URY,1.492283875309136,0.9855453350854139,6,10.795006570302233
2012-12-01,URY,2.9205718256099678,7.982917214191852,5,10.988830486202366
2013-01-01,URY,2.9205718256099678,7.982917214191852,5,10.988830486202366
2013-02-01,URY,1.4971745345103553,0.9855453350854139,6,10.604467805519054
2013-03-01,URY,1.4971745345103553,0.9855453350854139,6,10.604467805519054
2013-04-01,URY,1.4971745345103553,0.9855453350854139,6,10.604467805519054
2013-05-01,URY,1.4971745345103553,0.9855453350854139,6,10.604467805519054
2013-06-01,URY,2.1082412562746633,3.9421813403416555,7,9.494086727989488
2013-07-01,URY,2.1082412562746633,3.9421813403416555,7,9.494086727989488
2013-08-01,URY,1.5759988852052413,0.9855453350854139,8,8.424066078468181
2013-09-01,URY,1.5759988852052413,0.9855453350854139,8,8.424066078468181
2013-10-01,URY,1.7599994646393822,2.0039421813403417,7,9.663819535698641
2013-11-01,URY,1.8853045463779194,2.0039421813403417,6,7.805519053876479
2013-12-01,URY,1.8853045463779194,2.0039421813403417,6,7.805519053876479
2014-01-01,URY,2.5702291264759176,3.9421813403416555,7,7.342312746386334
2014-02-01,URY,2.5702291264759176,3.9421813403416555,7,7.342312746386334
2014-03-01,URY,2.5702291264759176,3.9421813403416555,7,7.342312746386334
2014-04-01,URY,2.5702291264759176,3.9421813403416555,7,7.342312746386334
2014-05-01,URY,2.5702291264759176,3.9421813403416555,7,7.342312746386334
2014-06-01,URY,2.5702291264759176,3.9421813403416555,7,7.342312746386334
2014-07-01,URY,2.5702291264759176,3.9421813403416555,7,7.342312746386334
2014-08-01,URY,2.5702291264759176,3.9421813403416555,7,7.342312746386334
2014-09-01,URY,2.5702291264759176,3.9421813403416555,7,7.342312746386334
2014-10-01,URY,2.5702291264759176,3.9421813403416555,7,7.342312746386334
2014-11-01,URY,2.5702291264759176,3.9421813403416555,7,7.342312746386334
2014-12-01,URY,2.5702291264759176,3.9421813403416555,7,7.342312746386334
2015-01-01,URY,2.5702291264759176,3.9421813403416555,7,7.342312746386334
2015-02-01,URY,2.5702291264759176,3.9421813403416555,7,7.342312746386334
2015-03-01,URY,2.5702291264759176,3.9421813403416555,7,7.342312746386334
2015-04-01,URY,2.5702291264759176,3.9421813403416555,7,7.342312746386334
2015-05-01,URY,2.5702291264759176,3.9421813403416555,7,7.342312746386334
2015-06-01,URY,2.114107685320694,2.0039421813403417,6,5.604467805519054
2015-07-01,URY,2.114107685320694,2.0039421813403417,6,5.604467805519054
2015-08-01,URY,2.114107685320694,2.0039421813403417,6,5.604467805519054
2015-09-01,URY,2.114107685320694,2.0039421813403417,6,5.604467805519054
2015-10-01,URY,2.114107685320694,2.0039421813403417,6,5.604467805519054
2015-11-01,URY,2.114107685320694,2.0039421813403417,6,5.604467805519054
2015-12-01,URY,2.114107685320694,2.0039421813403417,6,5.604467805519054
2016-01-01,URY,2.114107685320694,2.0039421813403417,6,5.604467805519054
2016-02-01,URY,2.114107685320694,2.0039421813403417,6,5.604467805519054
2016-03-01,URY,2.114107685320694,2.0039421813403417,6,5.604467805519054
2016-04-01,URY,2.114107685320694,2.0039421813403417,6,5.604467805519054
2016-05-01,URY,2.114107685320694,2.0039421813403417,6,5.604467805519054
2016-06-01,URY,2.114107685320694,2.0039421813403417,6,5.604467805519054
2016-07-01,URY,2.114107685320694,2.0039421813403417,6,5.604467805519054
2016-08-01,URY,2.114107685320694,2.0039421813403417,6,5.604467805519054
2016-09-01,URY,2.114107685320694,2.0039421813403417,6,5.604467805519054
2016-10-01,URY,2.2879507000373076,2.0039421813403417,5,5.009855453350854
2016-11-01,URY,2.2879507000373076,2.0039421813403417,5,5.009855453350854
2016-12-01,URY,2.2879507000373076,2.0039421813403417,5,5.009855453350854
2017-01-01,URY,2.2879507000373076,2.0039421813403417,5,5.009855453350854
2017-02-01,URY,2.2879507000373076,2.0039421813403417,5,5.009855453350854
2017-03-01,URY,2.2879507000373076,2.0039421813403417,5,5.009855453350854
2017-04-01,URY,2.2879507000373076,2.0039421813403417,5,5.009855453350854
2017-05-01,URY,2.2879507000373076,2.0039421813403417,5,5.009855453350854
2017-06-01,URY,,,4,3.6574682435392027
2017-07-01,URY,,,4,3.6574682435392027
2017-08-01,URY,,,4,3.6574682435392027
2017-09-01,URY,,,4,3.6574682435392027
2017-10-01,URY,,,4,3.6574682435392027
2017-11-01,URY,,,4,3.6574682435392027
2017-12-01,URY,,,4,3.6574682435392027
2018-01-01,URY,,,4,3.6574682435392027
2018-02-01,URY,,,4,3.6574682435392027
